Datetime, GPS_Speed (knot) ,GPS_Latitude,GPS_Longtitde,RPM,Mode
22/11/2022 3:55,2.7,1.302197808,103.969001,508.0183333,Transit
22/11/2022 3:56,4.8,1.301001269,103.9692395,599.9463987,Transit
22/11/2022 3:57,6.1,1.299409242,103.9694876,599.6633333,Transit
22/11/2022 3:58,7,1.297591667,103.9697052,603.7813022,Transit
22/11/2022 3:59,8.3,1.295420171,103.9698815,727.6205734,Transit
22/11/2022 4:00,8.5,1.293054782,103.9698736,771.2399329,Transit
22/11/2022 4:01,8.2,1.291196677,103.9687145,774.2,Transit
22/11/2022 4:02,9,1.289766798,103.9667602,774.7796327,Transit
22/11/2022 4:03,9.3,1.288406643,103.9646104,774.7470289,Transit
22/11/2022 4:04,9.6,1.287023174,103.9624371,774.9883333,Transit
22/11/2022 4:05,9.5,1.285567899,103.9602841,775.2383333,Transit
22/11/2022 4:06,9.3,1.284095777,103.9581393,774.7822446,Transit
22/11/2022 4:07,9.3,1.282660383,103.9560051,774.765,Transit
22/11/2022 4:08,9.3,1.281348189,103.9538197,773.6891892,Transit
22/11/2022 4:09,9.3,1.280278055,103.9515228,771.0784641,Transit
22/11/2022 4:10,9.2,1.279414965,103.9491397,774.5644891,Transit
22/11/2022 4:11,9.4,1.278598231,103.9467164,774.7366667,Transit
22/11/2022 4:12,9.2,1.277759152,103.9443175,774.5692821,Transit
22/11/2022 4:13,9.3,1.27682117,103.9419647,774.4634975,Transit
22/11/2022 4:14,9.3,1.275819786,103.9395926,774.5642738,Transit
22/11/2022 4:15,9.3,1.274881689,103.93722,774.445,Transit
22/11/2022 4:16,9.1,1.274083132,103.9348475,774.4,Transit
22/11/2022 4:17,9.3,1.273343529,103.9323652,774.6046901,Transit
22/11/2022 4:18,9.2,1.272301452,103.9299997,773.777027,Transit
22/11/2022 4:19,9.3,1.2709756,103.9278075,774.3633333,Transit
22/11/2022 4:20,9.4,1.269577762,103.9256712,774.278057,Transit
22/11/2022 4:21,9.5,1.268056892,103.9235502,774.2083333,Transit
22/11/2022 4:22,9.3,1.26652635,103.9215062,774.2036728,Transit
22/11/2022 4:23,9.5,1.265040167,103.919414,774.1358234,Transit
22/11/2022 4:24,9.4,1.263620793,103.917179,774.18,Transit
22/11/2022 4:25,9.5,1.262252824,103.9149587,774.2854758,Transit
22/11/2022 4:26,9.5,1.260805543,103.9127722,774.2516667,Transit
22/11/2022 4:27,9.4,1.259391604,103.9106035,774.3969849,Transit
22/11/2022 4:28,9.5,1.257909294,103.9083904,774.1264755,Transit
22/11/2022 4:29,9.6,1.256536626,103.9061623,774.4958264,Transit
22/11/2022 4:30,9.5,1.25521005,103.9039144,774.7906198,Transit
22/11/2022 4:31,9.7,1.253944049,103.9016166,774.4833333,Transit
22/11/2022 4:32,9.7,1.252726703,103.8992459,774.4916667,Transit
22/11/2022 4:33,9.6,1.251555064,103.8968678,774.7572156,Transit
22/11/2022 4:34,9.5,1.250407606,103.8945015,772.5795645,Transit
22/11/2022 4:35,9.7,1.249188477,103.8921201,775.6083333,Transit
22/11/2022 4:36,9.7,1.247807829,103.889795,775.9048414,Transit
22/11/2022 4:37,9.9,1.24636833,103.8875335,776.2,Transit
22/11/2022 4:38,9.8,1.244890178,103.8853262,775.5433333,Transit
22/11/2022 4:39,9.6,1.243457675,103.883021,776.9427609,Transit
22/11/2022 4:40,9.8,1.24215259,103.8806717,776.8729097,Transit
22/11/2022 4:41,9.8,1.240994426,103.8783009,776.8280467,Transit
22/11/2022 4:42,9.8,1.239768096,103.8758887,776.8866328,Transit
22/11/2022 4:43,9.5,1.238287456,103.8737753,772.8691275,Transit
22/11/2022 4:44,8.6,1.236527999,103.8719727,641.8183333,Transit
22/11/2022 4:45,7.9,1.234594091,103.8707122,599.9316667,Transit
22/11/2022 4:46,7.5,1.232592528,103.8699816,599.8881469,Transit
22/11/2022 4:47,8.1,1.230502073,103.8694414,664.0423729,Transit
22/11/2022 4:48,8.9,1.228090874,103.8688705,775.1116667,Transit
22/11/2022 4:49,9.3,1.225583219,103.8683409,777.9983333,Transit
22/11/2022 4:50,9.6,1.222987472,103.8676727,777.7855946,Transit
22/11/2022 4:51,9.9,1.220513499,103.8665304,777.8116667,Transit
22/11/2022 4:52,10.3,1.218375694,103.8647719,777.7969543,Transit
22/11/2022 4:53,10.5,1.216429826,103.862732,778.0435511,Transit
22/11/2022 4:54,10.3,1.21461409,103.8605848,778.3722871,Transit
22/11/2022 4:55,10.1,1.213143621,103.8582607,778.6066667,Transit
22/11/2022 4:56,10.1,1.212013519,103.8557372,778.7616667,Transit
22/11/2022 4:57,10.2,1.211104494,103.8530796,778.7966102,Transit
22/11/2022 4:58,10.3,1.210365041,103.850384,777.285,Transit
22/11/2022 4:59,10,1.209825114,103.8475988,779.4023372,Transit
22/11/2022 5:00,9.9,1.209363014,103.8448337,778.6471572,Transit
22/11/2022 5:01,10,1.208913755,103.8421224,778.8764608,Transit
22/11/2022 5:02,10,1.208872623,103.8393639,779.0321489,Transit
22/11/2022 5:03,10.2,1.209044207,103.8365696,779.2073579,Transit
22/11/2022 5:04,9.9,1.209368533,103.8338496,779.2671119,Transit
22/11/2022 5:05,9.9,1.209775905,103.8311123,779.3983333,Transit
22/11/2022 5:06,9.8,1.210251705,103.8284533,779.5583333,Transit
22/11/2022 5:07,9.8,1.210683033,103.8257726,779.6186441,Transit
22/11/2022 5:08,9.7,1.211198188,103.8231425,776.9498328,Transit
22/11/2022 5:09,9.6,1.21183591,103.8205525,779.8333333,Transit
22/11/2022 5:10,9.8,1.212676229,103.8179735,779.8123953,Transit
22/11/2022 5:11,9.7,1.213547462,103.8154469,779.6379019,Transit
22/11/2022 5:12,9.6,1.214409012,103.8129602,779.7866667,Transit
22/11/2022 5:13,9.4,1.215307335,103.8104161,779.6917923,Transit
22/11/2022 5:14,9.7,1.216320261,103.8079515,779.9133333,Transit
22/11/2022 5:15,9.5,1.21761515,103.805605,779.7583333,Transit
22/11/2022 5:16,9.6,1.219102346,103.8033983,779.6638514,Transit
22/11/2022 5:17,9.5,1.22067999,103.8012442,778.364094,Transit
22/11/2022 5:18,9.4,1.222389254,103.7991771,778.53,Transit
22/11/2022 5:19,8.5,1.224026965,103.7973029,579.345,Transit
22/11/2022 5:20,7.9,1.225590023,103.7956359,599.6767169,Transit
22/11/2022 5:21,6.9,1.227077433,103.7941162,454.6091371,Transit
22/11/2022 5:22,6.3,1.228475415,103.7929311,422.6020408,Idling
22/11/2022 5:23,5.4,1.229840834,103.7919478,418.4958124,Idling
22/11/2022 5:24,4.8,1.231108445,103.7912658,413.6233333,Idling
22/11/2022 5:25,3.6,1.23216766,103.790915,429.6944908,Idling
22/11/2022 5:26,2.4,1.232942646,103.7906222,536.8752108,Transit
22/11/2022 5:27,1.5,1.233434357,103.7903642,449.3517588,Transit
22/11/2022 5:28,1.1,1.233782002,103.7902182,417.3783333,Idling
22/11/2022 5:29,0.8,1.234035778,103.7901266,419.5058431,Idling
22/11/2022 5:30,0.5,1.234295363,103.7900965,415.222408,Idling
22/11/2022 5:31,0.4,1.234413325,103.7900988,419.4940778,Idling
22/11/2022 5:32,0.4,1.234548752,103.7901841,417.3823038,Idling
22/11/2022 5:33,0.5,1.234717006,103.7902353,417.3662207,Idling
22/11/2022 5:34,0.5,1.234925245,103.7902635,417.4607679,Idling
22/11/2022 5:35,0.4,1.235085098,103.7903178,417.4583333,Idling
22/11/2022 5:36,0.3,1.23521782,103.7903545,417.6148649,Idling
22/11/2022 5:37,0.4,1.235294749,103.7903848,417.4941374,Idling
22/11/2022 5:38,0.3,1.235426195,103.7904795,417.1866667,Idling
22/11/2022 5:39,0.4,1.235525321,103.7905312,417.8998331,Idling
22/11/2022 5:40,0.4,1.235723123,103.7905369,417.5220339,Idling
22/11/2022 5:41,0.5,1.235726927,103.7905833,416.9518072,Idling
22/11/2022 5:42,0.4,1.235661277,103.7906609,419.1218698,Idling
22/11/2022 5:43,0.3,1.235685466,103.7907188,416.6983333,Idling
22/11/2022 5:44,0.9,1.235996283,103.7906885,419.7504188,Idling
22/11/2022 5:45,1.1,1.236321057,103.7906052,417.8057432,Idling
22/11/2022 5:46,1.2,1.23666014,103.7905255,417.7762938,Idling
22/11/2022 5:47,1.5,1.237035733,103.7903938,414.921273,Idling
22/11/2022 5:48,2.5,1.23762583,103.7900543,417.5283333,Idling
22/11/2022 5:49,3.6,1.238249815,103.7894453,440.75,Idling
22/11/2022 5:50,4,1.239086522,103.7886725,418.4081633,Idling
22/11/2022 5:51,5.7,1.240057156,103.7876956,581.0816667,Transit
22/11/2022 5:52,7.4,1.241446187,103.7863488,763.7729549,Transit
22/11/2022 5:53,7.5,1.243054554,103.7849694,576.7016667,Transit
22/11/2022 5:54,7.8,1.244836977,103.7837491,609.1105528,Transit
22/11/2022 5:55,8.6,1.246742795,103.782473,748.8564189,Transit
22/11/2022 5:56,9.4,1.248899664,103.7810948,779.8883333,Transit
22/11/2022 5:57,9.8,1.251175766,103.7796319,780.0335008,Transit
22/11/2022 5:58,9.2,1.253586393,103.7782806,684.6911519,Transit
22/11/2022 5:59,8.7,1.255894106,103.7772263,596.815,Transit
22/11/2022 6:00,8.1,1.257973805,103.7760482,599.9489796,Transit
22/11/2022 6:01,7.7,1.25986998,103.7749238,585.7066667,Transit
22/11/2022 6:02,7,1.261873539,103.7742479,414.0951586,Idling
22/11/2022 6:03,6.1,1.263715797,103.7740689,418.4283333,Idling
22/11/2022 6:04,5.1,1.26527153,103.7743115,417.3015075,Idling
22/11/2022 6:05,4.3,1.266467146,103.7749125,417.222973,Idling
22/11/2022 6:06,3.9,1.267224108,103.7756504,414.87,Idling
22/11/2022 6:07,3.6,1.267759669,103.7765279,419.2818792,Idling
22/11/2022 6:08,3.1,1.268183697,103.7773701,416.7913189,Idling
22/11/2022 6:09,2.4,1.268449273,103.7780859,417.24,Idling
22/11/2022 6:10,1.8,1.268551187,103.7786605,417.25,Idling
22/11/2022 6:11,1.3,1.268511752,103.7791229,417.1566667,Idling
22/11/2022 6:12,0.9,1.268526075,103.7794228,414.0317195,Idling
22/11/2022 6:13,0.9,1.268478332,103.7797244,420.2533333,Idling
22/11/2022 6:14,1,1.268425041,103.779984,413.983165,Idling
22/11/2022 6:15,1,1.2683158,103.7802811,465.4352941,Idling
22/11/2022 6:16,0.5,1.268281364,103.7804941,416.9566667,Idling
22/11/2022 6:17,0.5,1.26826341,103.7805631,413.5661642,Idling
22/11/2022 6:18,0.5,1.268241392,103.7806624,416.7140468,Idling
22/11/2022 6:19,0.5,1.268182913,103.7807268,416.7241963,Idling
22/11/2022 6:20,0.5,1.26809252,103.7808041,419.9447236,Idling
22/11/2022 6:21,0.7,1.267947798,103.7807211,414.6166667,Idling
22/11/2022 6:22,1,1.267727647,103.7807347,420.3405676,Idling
22/11/2022 6:23,1.3,1.267414424,103.780609,415.0266667,Idling
22/11/2022 6:24,1.2,1.267097835,103.7805848,416.9135593,Idling
22/11/2022 6:25,1.1,1.266791426,103.7805621,417.3923205,Idling
22/11/2022 6:26,1,1.266538171,103.7805983,419.4266667,Idling
22/11/2022 6:27,0.7,1.266383292,103.7806744,414.1222781,Idling
22/11/2022 6:28,0.7,1.266260257,103.7807979,419.9449082,Idling
22/11/2022 6:29,0.7,1.266106975,103.7809149,417.2944162,Idling
22/11/2022 6:30,0.5,1.266038192,103.7810057,413.8944724,Idling
22/11/2022 6:31,0.5,1.266041388,103.7811279,417.5284281,Idling
22/11/2022 6:32,0.4,1.266062283,103.7813049,420.1624791,Idling
22/11/2022 6:33,0.3,1.266101886,103.7814154,417.6325503,Idling
22/11/2022 6:34,0.7,1.266029105,103.7814534,416.0780985,Idling
22/11/2022 6:35,0.4,1.265946744,103.7814899,413.8643216,Idling
22/11/2022 6:36,0.3,1.265886023,103.7815373,416.9916107,Idling
22/11/2022 6:37,0.4,1.265778684,103.7815595,417.3724832,Idling
22/11/2022 6:38,0.3,1.265690131,103.7815552,420.4190801,Idling
22/11/2022 6:39,0.3,1.265600356,103.7816111,417.5950266,Idling
22/11/2022 6:40,0.2,1.265588335,103.7816906,418.8146853,Idling
22/11/2022 6:41,0.3,1.265577349,103.7817366,415.4839798,Idling
22/11/2022 6:42,0.1,1.265569349,103.7817718,355.0552764,Idling
22/11/2022 6:43,0.3,1.265503023,103.7818494,420.1423786,Idling
22/11/2022 6:44,0.2,1.265466483,103.781877,418.3333333,Idling
22/11/2022 6:45,0.4,1.265430814,103.7818931,417.6499162,Idling
22/11/2022 6:46,0.4,1.265458536,103.7818912,417.6030151,Idling
22/11/2022 6:47,0.4,1.265408996,103.7818527,417.5579832,Idling
22/11/2022 6:48,0.5,1.26533718,103.7817751,417.6103679,Idling
22/11/2022 6:49,0.5,1.265281792,103.7817994,417.7572156,Idling
22/11/2022 6:50,0.3,1.26526564,103.7817581,418.3020134,Idling
22/11/2022 6:51,0.4,1.265210154,103.7816931,419.7281879,Idling
22/11/2022 6:52,0.5,1.265176196,103.7816277,417.8358459,Idling
22/11/2022 6:53,0.5,1.26518629,103.7816658,419.7554439,Idling
22/11/2022 6:54,0.4,1.26517514,103.7816024,416.2129472,Idling
22/11/2022 6:55,0.4,1.265145894,103.7816112,419.3350084,Idling
22/11/2022 6:56,0.3,1.26514505,103.7816387,417.7671692,Idling
22/11/2022 6:57,0.5,1.265225325,103.7816578,417.6739496,Idling
22/11/2022 6:58,0.4,1.265254572,103.7816525,417.8305085,Idling
22/11/2022 6:59,0.5,1.265205148,103.7815976,353.3232831,Idling
22/11/2022 7:00,0.4,1.265171329,103.7816258,417.8506711,Idling
22/11/2022 7:01,0.4,1.265198582,103.7816854,417.8020134,Idling
22/11/2022 7:02,0.2,1.265187657,103.7817162,327.919598,Idling
22/11/2022 7:03,0.4,1.265123732,103.7817516,1.540816327,Engine Off
22/11/2022 7:04,0.6,1.265119881,103.7816894,0,Engine Off
22/11/2022 7:05,0.4,1.265170059,103.7816758,0,Engine Off
22/11/2022 7:06,0.4,1.265145507,103.781668,0,Engine Off
22/11/2022 7:07,0.4,1.265150082,103.7816893,0,Engine Off
22/11/2022 7:08,0.3,1.265144223,103.7816318,0,Engine Off
22/11/2022 7:09,0.4,1.26511378,103.7816691,0,Engine Off
22/11/2022 7:10,0.4,1.26511334,103.7816155,0,Engine Off
22/11/2022 7:11,0.3,1.265140374,103.781647,0,Engine Off
22/11/2022 7:12,0.4,1.265165083,103.7816466,0,Engine Off
22/11/2022 7:13,0.5,1.26517284,103.7816917,0,Engine Off
22/11/2022 7:14,0.8,1.265148936,103.7815498,0,Engine Off
22/11/2022 7:15,0.5,1.265150375,103.7815496,0,Engine Off
22/11/2022 7:16,0.4,1.265137998,103.7816075,0,Engine Off
22/11/2022 7:17,0.5,1.265121571,103.7816801,0,Engine Off
22/11/2022 7:18,0.3,1.265147806,103.7817064,0,Engine Off
22/11/2022 7:19,0.6,1.265178245,103.7816316,0,Engine Off
22/11/2022 7:20,0.6,1.265081172,103.7817027,0,Engine Off
22/11/2022 7:21,0.3,1.265076415,103.7816309,0,Engine Off
22/11/2022 7:22,0.7,1.265211995,103.7815896,0,Engine Off
22/11/2022 7:23,0.5,1.26523642,103.7816054,0,Engine Off
22/11/2022 7:24,0.7,1.265238469,103.7816151,0,Engine Off
22/11/2022 7:25,0.4,1.26529022,103.7815742,0,Engine Off
22/11/2022 7:26,0.6,1.265142748,103.7816579,0,Engine Off
22/11/2022 7:27,0.5,1.265205785,103.781665,0,Engine Off
22/11/2022 7:28,0.3,1.265249311,103.7816961,0,Engine Off
22/11/2022 7:29,0.5,1.265199199,103.7816485,0,Engine Off
22/11/2022 7:30,0.5,1.265234011,103.7817338,0,Engine Off
22/11/2022 7:31,0.9,1.265254374,103.7816831,0,Engine Off
22/11/2022 7:32,0.7,1.265251798,103.7816504,0,Engine Off
22/11/2022 7:33,0.5,1.265206615,103.7817107,0,Engine Off
22/11/2022 7:34,0.4,1.265193225,103.7816988,0,Engine Off
22/11/2022 7:35,0.4,1.265171805,103.7815908,0,Engine Off
22/11/2022 7:36,0.7,1.265246109,103.7815852,0,Engine Off
22/11/2022 7:37,1.2,1.265128011,103.7816107,0,Engine Off
22/11/2022 7:38,0.4,1.265101432,103.7817128,0,Engine Off
22/11/2022 7:39,0.5,1.265255782,103.7816592,0,Engine Off
22/11/2022 7:40,0.6,1.265155863,103.7817275,0,Engine Off
22/11/2022 7:41,0.3,1.265102388,103.7817573,0,Engine Off
22/11/2022 7:42,0.6,1.265137731,103.7816705,0,Engine Off
22/11/2022 7:43,0.4,1.265214385,103.7816763,0,Engine Off
22/11/2022 7:44,0.4,1.265050346,103.7816597,0,Engine Off
22/11/2022 7:45,0.6,1.265030217,103.7816546,0,Engine Off
22/11/2022 7:46,0.4,1.265148734,103.78171,0,Engine Off
22/11/2022 7:47,0.5,1.265212731,103.7816625,0,Engine Off
22/11/2022 7:48,0.4,1.265127178,103.7816194,0,Engine Off
22/11/2022 7:49,0.6,1.265037422,103.7817376,0,Engine Off
22/11/2022 7:50,0.5,1.265037232,103.7818141,0,Engine Off
22/11/2022 7:51,0.5,1.265080609,103.7816846,0,Engine Off
22/11/2022 7:52,0.6,1.265095693,103.7816644,0,Engine Off
22/11/2022 7:53,0.4,1.265109882,103.781686,0,Engine Off
22/11/2022 7:54,0.5,1.265146158,103.7816108,0,Engine Off
22/11/2022 7:55,0.4,1.265164453,103.7816637,0,Engine Off
22/11/2022 7:56,0.3,1.265177291,103.7816165,0,Engine Off
22/11/2022 7:57,0.5,1.265147753,103.781552,0,Engine Off
22/11/2022 7:58,0.6,1.265165181,103.7817009,0,Engine Off
22/11/2022 7:59,0.5,1.265167216,103.7817536,0,Engine Off
22/11/2022 8:00,0.5,1.26516268,103.7817231,386.5948276,Idling
22/11/2022 8:01,0.2,1.265127642,103.7817103,417.8120805,Idling
22/11/2022 8:02,0.3,1.265119441,103.7816925,418.8442211,Idling
22/11/2022 8:03,0.3,1.265125506,103.7816984,417.959799,Idling
22/11/2022 8:04,0.6,1.265064391,103.7818307,418.5781513,Idling
22/11/2022 8:05,0.5,1.265036141,103.7818372,418.0203735,Idling
22/11/2022 8:06,0.5,1.26517109,103.7818375,417.7571189,Idling
22/11/2022 8:07,0.3,1.26512105,103.7817723,417.798995,Idling
22/11/2022 8:08,0.3,1.265069621,103.7817323,418.6040268,Idling
22/11/2022 8:09,0.2,1.265097628,103.7817357,418.118928,Idling
22/11/2022 8:10,0.6,1.265094514,103.7816789,430.3962585,Cargo
22/11/2022 8:11,0.5,1.265048664,103.7817617,432.7600671,Cargo
22/11/2022 8:12,0.2,1.265027209,103.7817463,432.6080402,Cargo
22/11/2022 8:13,0.4,1.26506802,103.7817168,432.760469,Cargo
22/11/2022 8:14,0.2,1.265052568,103.7817506,432.5488215,Cargo
22/11/2022 8:15,0.1,1.265036462,103.7817492,432.0693739,Cargo
22/11/2022 8:16,0.2,1.265042815,103.7817425,432.3852596,Cargo
22/11/2022 8:17,0.1,1.265078433,103.7817275,431.9530988,Cargo
22/11/2022 8:18,0.1,1.265083593,103.7817129,432.1510067,Cargo
22/11/2022 8:19,0.4,1.265071277,103.7817738,432.1373534,Cargo
22/11/2022 8:20,0.4,1.265197424,103.7817002,432.0238095,Cargo
22/11/2022 8:21,0.3,1.265218012,103.7816802,431.9043624,Cargo
22/11/2022 8:22,0.2,1.265127913,103.7816402,432.1182609,Cargo
22/11/2022 8:23,0.3,1.265071208,103.781622,432.1937173,Cargo
22/11/2022 8:24,0.3,1.26512528,103.7816324,432.013986,Cargo
22/11/2022 8:25,0.3,1.26510412,103.7816319,431.76,Cargo
22/11/2022 8:26,0.2,1.265054275,103.7816821,432.0890052,Cargo
22/11/2022 8:27,0.3,1.265077117,103.7816474,432.1378709,Cargo
22/11/2022 8:28,0.3,1.265103615,103.7815927,432.0308748,Cargo
22/11/2022 8:29,0.1,1.26509615,103.781616,432.1707317,Cargo
22/11/2022 8:30,0.4,1.265102558,103.7816287,431.9751773,Cargo
22/11/2022 8:31,0.3,1.265034166,103.7816555,432.2286213,Cargo
22/11/2022 8:32,0.3,1.265043148,103.7816619,432.1340206,Cargo
22/11/2022 8:33,0.2,1.265070818,103.7816559,432.2460733,Cargo
22/11/2022 8:34,0.2,1.265096568,103.7816287,401.8723776,Cargo
22/11/2022 8:35,0.3,1.265113147,103.7816625,395.4679376,Cargo
22/11/2022 8:36,0.2,1.265108104,103.7816867,432.1465969,Cargo
22/11/2022 8:37,0.3,1.265172001,103.78165,431.9784946,Cargo
22/11/2022 8:38,0.5,1.26524823,103.781546,432.2490775,Cargo
22/11/2022 8:39,0.2,1.265215188,103.7815016,432.1135972,Cargo
22/11/2022 8:40,0.3,1.26517931,103.7815438,432.1985816,Cargo
22/11/2022 8:41,0.5,1.265115549,103.7816309,432.0454545,Cargo
22/11/2022 8:42,0.4,1.26510703,103.7816989,432.1546392,Cargo
22/11/2022 8:43,0.3,1.26509039,103.7816412,430.7090592,Cargo
22/11/2022 8:44,0.3,1.265099775,103.7816368,432.1169284,Cargo
22/11/2022 8:45,0.6,1.265123298,103.7816845,432.1823009,Cargo
22/11/2022 8:46,0.6,1.265084454,103.7817662,432.2688356,Cargo
22/11/2022 8:47,0.4,1.265070492,103.7818268,432.1762653,Cargo
22/11/2022 8:48,0.5,1.265102063,103.7816902,432.1503497,Cargo
22/11/2022 8:49,0.8,1.265020616,103.7817746,432.0736301,Cargo
22/11/2022 8:50,0.4,1.265009702,103.7817499,432.1758437,Cargo
22/11/2022 8:51,0.4,1.265089971,103.7817333,432.0979021,Cargo
22/11/2022 8:52,0.4,1.265071978,103.781684,431.4245614,Cargo
22/11/2022 8:53,0.4,1.265031063,103.7817262,432.0786325,Cargo
22/11/2022 8:54,0.5,1.26507787,103.7817737,432.1940559,Cargo
22/11/2022 8:55,0.4,1.265086283,103.7817767,432.1028369,Cargo
22/11/2022 8:56,0.4,1.264990256,103.7817632,431.869863,Cargo
22/11/2022 8:57,0.3,1.264968955,103.7817743,431.9264448,Cargo
22/11/2022 8:58,0.3,1.265017317,103.7817719,432.1169284,Cargo
22/11/2022 8:59,0.5,1.265081088,103.7817437,431.9333333,Cargo
22/11/2022 9:00,1,1.265015269,103.781883,432.1909722,Cargo
22/11/2022 9:01,0.8,1.264963953,103.7818398,432.1116928,Cargo
22/11/2022 9:02,0.4,1.265033432,103.7817976,431.9545455,Cargo
22/11/2022 9:03,0.4,1.265074268,103.7816562,432.1715266,Cargo
22/11/2022 9:04,0.4,1.265177443,103.7816475,432.0035026,Cargo
22/11/2022 9:05,0.4,1.265142858,103.7816951,432.1223404,Cargo
22/11/2022 9:06,0.2,1.265107756,103.7817068,432.0506993,Cargo
22/11/2022 9:07,0.8,1.265085649,103.781715,431.9743151,Cargo
22/11/2022 9:08,0.7,1.265152098,103.7816927,432.0984183,Cargo
22/11/2022 9:09,0.3,1.265212122,103.7816999,431.8863636,Cargo
22/11/2022 9:10,0.7,1.26516456,103.7818308,431.9826087,Cargo
22/11/2022 9:11,0.5,1.26510544,103.7817638,432.0820244,Cargo
22/11/2022 9:12,0.3,1.265114084,103.7816444,432.041958,Cargo
22/11/2022 9:13,0.3,1.265110531,103.781683,431.9268293,Cargo
22/11/2022 9:14,0.3,1.265141368,103.7817032,431.9931271,Cargo
22/11/2022 9:15,0.3,1.265125111,103.781699,432.0689046,Cargo
22/11/2022 9:16,0.5,1.26509231,103.7816233,431.951049,Cargo
22/11/2022 9:17,0.2,1.265111999,103.7816074,431.3529412,Cargo
22/11/2022 9:18,0.2,1.265113216,103.7815912,432.0666667,Cargo
22/11/2022 9:19,0.4,1.265124275,103.7815726,431.9981096,Cargo
22/11/2022 9:20,0.3,1.26508327,103.781621,432.0037807,Cargo
22/11/2022 9:21,0.3,1.265070113,103.7816769,432.180212,Cargo
22/11/2022 9:22,0.2,1.265057481,103.7816807,432.1996303,Cargo
22/11/2022 9:23,0.1,1.265068226,103.7816664,432.0332717,Cargo
22/11/2022 9:24,0.3,1.265077708,103.7816234,432.0752688,Cargo
22/11/2022 9:25,0.3,1.265084155,103.7816931,432.1981818,Cargo
22/11/2022 9:26,0.3,1.265104857,103.7817401,432.2303371,Cargo
22/11/2022 9:27,0.1,1.265095305,103.781718,432.0166052,Cargo
22/11/2022 9:28,0.3,1.265094338,103.7816558,431.9734982,Cargo
22/11/2022 9:29,0.2,1.265112871,103.7816335,432.2878229,Cargo
22/11/2022 9:30,0.4,1.26514307,103.7816175,432.1472222,Cargo
22/11/2022 9:31,0.2,1.265139322,103.7816068,432.1090226,Cargo
22/11/2022 9:32,0.1,1.265123972,103.7816329,432.1940035,Cargo
22/11/2022 9:33,0.1,1.265123661,103.7816269,432.187037,Cargo
22/11/2022 9:34,0.4,1.265089105,103.7815816,364.7717996,Cargo
22/11/2022 9:35,0.4,1.265077513,103.7816029,432.2339286,Cargo
22/11/2022 9:36,0.1,1.265083901,103.7816107,432.195572,Cargo
22/11/2022 9:37,0.1,1.265091601,103.7816101,432.0426716,Cargo
22/11/2022 9:38,0.2,1.265096973,103.7816273,432.1515712,Cargo
22/11/2022 9:39,0.1,1.265125498,103.7816417,431.5220459,Cargo
22/11/2022 9:40,0.4,1.265111397,103.7816585,431.9425926,Cargo
22/11/2022 9:41,0.2,1.265113049,103.7816936,432.0504673,Cargo
22/11/2022 9:42,0.3,1.265077981,103.7816736,432.2438563,Cargo
22/11/2022 9:43,0.4,1.26503991,103.7816289,361.9435626,Cargo
22/11/2022 9:44,0.3,1.265056738,103.7816822,432.1182994,Cargo
22/11/2022 9:45,0.3,1.265016547,103.7817536,432.0313653,Cargo
22/11/2022 9:46,0.6,1.26503366,103.7817029,432.0659537,Cargo
22/11/2022 9:47,0.2,1.265140461,103.7816522,432.1688312,Cargo
22/11/2022 9:48,0.2,1.265116262,103.7816808,432.0537037,Cargo
22/11/2022 9:49,0.2,1.265092163,103.7817232,431.877551,Cargo
22/11/2022 9:50,0.1,1.2650721,103.7817282,432.0830389,Cargo
22/11/2022 9:51,0.2,1.265089204,103.781724,431.9722222,Cargo
22/11/2022 9:52,0.4,1.265051247,103.7816786,432.0337711,Cargo
22/11/2022 9:53,0.2,1.264997009,103.781727,432.0330275,Cargo
22/11/2022 9:54,0.1,1.264988355,103.7817272,432.0656028,Cargo
22/11/2022 9:55,0.2,1.265026815,103.7817145,432,Cargo
22/11/2022 9:56,0.2,1.265061675,103.7817314,432.00369,Cargo
22/11/2022 9:57,0.1,1.26507352,103.781731,432.2643885,Cargo
22/11/2022 9:58,0.2,1.265077671,103.7817154,432.0791897,Cargo
22/11/2022 9:59,0.4,1.265018047,103.781657,432.0462963,Cargo
22/11/2022 10:00,0.3,1.265035582,103.7816404,431.2862454,Cargo
22/11/2022 10:01,0.1,1.265078686,103.7816636,432.1954225,Cargo
22/11/2022 10:02,0.3,1.265098139,103.7816818,432.1478743,Cargo
22/11/2022 10:03,0.4,1.265146782,103.7816443,432.0828625,Cargo
22/11/2022 10:04,0.2,1.265203117,103.7816781,432.0914077,Cargo
22/11/2022 10:05,0.3,1.265163894,103.7816201,432.0805009,Cargo
22/11/2022 10:06,0.2,1.26512532,103.7815244,432.1404806,Cargo
22/11/2022 10:07,0.2,1.265134898,103.7815622,432.0240741,Cargo
22/11/2022 10:08,0.1,1.265134374,103.781569,432.109319,Cargo
22/11/2022 10:09,0.4,1.265196073,103.7816473,431.9723247,Cargo
22/11/2022 10:10,0.3,1.265208732,103.7816155,432.2181146,Cargo
22/11/2022 10:11,0.5,1.265136565,103.7817137,432.0516605,Cargo
22/11/2022 10:12,0.4,1.26512058,103.7816612,432.1393298,Cargo
22/11/2022 10:13,0.2,1.265146161,103.7816036,431.8947368,Cargo
22/11/2022 10:14,0.5,1.265087842,103.7816244,432.1037037,Cargo
22/11/2022 10:15,0.3,1.265065397,103.781681,432.0591497,Cargo
22/11/2022 10:16,0.2,1.265076546,103.7817032,432.1086142,Cargo
22/11/2022 10:17,0.2,1.265091979,103.7816549,431.9883268,Cargo
22/11/2022 10:18,0.2,1.265155031,103.7816824,432.0077821,Cargo
22/11/2022 10:19,0.4,1.265142566,103.7816471,431.9904762,Cargo
22/11/2022 10:20,0.2,1.265103458,103.7816365,432.0898662,Cargo
22/11/2022 10:21,0.2,1.265103944,103.781617,432.1634241,Cargo
22/11/2022 10:22,0.1,1.265089345,103.781598,431.994152,Cargo
22/11/2022 10:23,0.3,1.265070535,103.7816161,432.1605166,Cargo
22/11/2022 10:24,0.2,1.265070851,103.781636,431.9207921,Cargo
22/11/2022 10:32,0.277165413,1.265028885,103.7817529,432.2495127,Cargo
22/11/2022 10:33,0.176889849,1.265012351,103.7817143,432.0233918,Cargo
22/11/2022 10:34,0.146436285,1.26504846,103.7817122,364.53125,Cargo
22/11/2022 10:35,0.426349892,1.265107618,103.7817234,432.2747664,Cargo
22/11/2022 10:36,0.404967603,1.265054164,103.7817023,432.0896686,Cargo
22/11/2022 10:37,0.26663067,1.265065516,103.7816062,432.0311891,Cargo
22/11/2022 10:38,0.388444924,1.265052271,103.7815879,432.0910853,Cargo
22/11/2022 10:39,0.282181425,1.265093985,103.7816224,432.0298507,Cargo
22/11/2022 10:40,0.273434125,1.265143823,103.781598,431.9083821,Cargo
22/11/2022 10:41,0.265982721,1.265170338,103.7816248,431.9980276,Cargo
22/11/2022 10:42,0.429913607,1.265146717,103.7816918,417.3977273,Cargo
22/11/2022 10:43,0.352807775,1.265140415,103.7816661,374.8352273,Cargo
22/11/2022 10:44,0.381965443,1.265151424,103.7817067,431.9984405,Cargo
22/11/2022 10:45,0.296112311,1.265185048,103.7816549,432.0802348,Cargo
22/11/2022 10:46,0.42537797,1.265122088,103.7816397,432.1412639,Cargo
22/11/2022 10:47,0.245896328,1.265055227,103.7816104,431.9704724,Cargo
22/11/2022 10:48,0.374838013,1.265133687,103.7816908,432.1374408,Cargo
22/11/2022 10:49,0.366090713,1.265171489,103.7817109,432,Cargo
22/11/2022 10:50,0.339524838,1.265125446,103.7816209,432.115,Cargo
22/11/2022 10:51,0.116954644,1.26517955,103.7815672,432.0733333,Cargo
22/11/2022 10:52,0.42537797,1.265197208,103.7816249,431.819398,Cargo
22/11/2022 10:53,0.266954644,1.265261646,103.7817054,431.7403035,Cargo
22/11/2022 10:54,0.343736501,1.265232429,103.7816491,431.8597663,Cargo
22/11/2022 10:55,0.505075594,1.265161189,103.7816476,431.765,Cargo
22/11/2022 10:56,0.350539957,1.265165661,103.7817317,431.7842809,Cargo
22/11/2022 10:57,0.376781857,1.265127476,103.7816839,431.8735245,Cargo
22/11/2022 10:58,0.148704104,1.265133948,103.7816662,431.935,Cargo
22/11/2022 10:59,0.268898488,1.26513846,103.78168,431.9131886,Cargo
22/11/2022 11:00,0.452915767,1.265137714,103.7816234,431.9214047,Cargo
22/11/2022 11:01,0.235853132,1.265093897,103.7816653,431.855,Cargo
22/11/2022 11:02,0.163930886,1.265077326,103.781686,431.8837607,Cargo
22/11/2022 11:03,0.453887689,1.265061834,103.781726,431.8528428,Cargo
22/11/2022 11:04,0.718898488,1.265071616,103.7817418,431.9482471,Cargo
22/11/2022 11:05,0.403347732,1.265146775,103.7818094,431.9333333,Cargo
22/11/2022 11:06,0.454859611,1.265161319,103.7817751,431.9046823,Cargo
22/11/2022 11:07,0.309395248,1.265095326,103.7816447,431.9139966,Cargo
22/11/2022 11:08,0.251727862,1.26510802,103.7817,431.8516667,Cargo
22/11/2022 11:09,0.339200864,1.265120639,103.7816878,431.8483333,Cargo
22/11/2022 11:10,0.295464363,1.265077036,103.7816589,431.9765886,Cargo
22/11/2022 11:11,0.196328294,1.265111022,103.7817001,431.8414023,Cargo
22/11/2022 11:12,0.347300216,1.265070081,103.7816925,431.7588533,Cargo
22/11/2022 11:13,0.373218143,1.26503339,103.7817208,431.7675585,Cargo
22/11/2022 11:14,0.453239741,1.265003903,103.7818024,431.9,Cargo
22/11/2022 11:15,0.548488121,1.265053465,103.7818878,431.7966667,Cargo
22/11/2022 11:16,0.404319654,1.265034428,103.7817206,431.7842809,Cargo
22/11/2022 11:17,0.180777538,1.265032146,103.7817314,431.7635135,Cargo
22/11/2022 11:18,0.159071274,1.265036896,103.7817271,431.8083333,Cargo
22/11/2022 11:19,0.334341253,1.265062599,103.7816624,431.865,Cargo
22/11/2022 11:20,0.303887689,1.265023543,103.7816311,431.8294314,Cargo
22/11/2022 11:21,0.435097192,1.264987713,103.7816325,431.885,Cargo
22/11/2022 11:22,0.267602592,1.265029638,103.7816779,431.8347386,Cargo
22/11/2022 11:23,0.476241901,1.265162983,103.7816839,431.7491639,Cargo
22/11/2022 11:24,0.378077754,1.265117876,103.7816403,431.785,Cargo
22/11/2022 11:25,0.369330454,1.265084081,103.7815969,431.0784641,Cargo
22/11/2022 11:26,0.589308855,1.265017088,103.781671,431.7956081,Cargo
22/11/2022 11:27,0.460043197,1.265055534,103.7817241,431.7813022,Cargo
22/11/2022 11:28,0.164578834,1.265107026,103.7816445,431.715,Cargo
22/11/2022 11:29,0.355075594,1.265147855,103.7817184,431.67,Cargo
22/11/2022 11:30,0.363174946,1.26510557,103.7817438,431.867893,Cargo
22/11/2022 11:31,0.327537797,1.265123925,103.7818044,431.7453626,Cargo
22/11/2022 11:32,0.388444924,1.265189351,103.7817363,431.8233333,Cargo
22/11/2022 11:33,0.378401728,1.265098399,103.7816142,431.680067,Cargo
22/11/2022 11:34,0.643088553,1.265074842,103.7817016,364.8833333,Cargo
22/11/2022 11:35,0.31425486,1.264994955,103.7816471,431.7266667,Cargo
22/11/2022 11:36,0.309071274,1.264924336,103.7815944,431.7779661,Cargo
22/11/2022 11:37,0.4412527,1.265041733,103.7816711,431.7705193,Cargo
22/11/2022 11:38,0.548488121,1.265076803,103.7816209,431.725,Cargo
22/11/2022 11:39,0.277969762,1.265082736,103.7816172,431.7666667,Cargo
22/11/2022 11:40,0.369006479,1.265162477,103.7816109,431.7085427,Cargo
22/11/2022 11:41,0.376457883,1.26512775,103.7814967,431.7268128,Cargo
22/11/2022 11:42,0.241684665,1.265115265,103.7815032,364.8116667,Cargo
22/11/2022 11:43,0.194384449,1.265113783,103.7815126,431.7140468,Cargo
22/11/2022 11:44,0.222894168,1.265076461,103.7815038,431.7045075,Cargo
22/11/2022 11:45,0.583801296,1.265113874,103.7815975,431.7116667,Cargo
22/11/2022 11:46,0.394600432,1.265095556,103.7816344,431.7360406,Cargo
22/11/2022 11:47,0.225485961,1.265158127,103.7816614,431.7083333,Cargo
22/11/2022 11:48,0.313282937,1.265172846,103.7817104,431.6861436,Cargo
22/11/2022 11:49,0.863390929,1.265104078,103.781675,431.9166667,Cargo
22/11/2022 11:50,0.439308855,1.265027731,103.7816271,426.9949833,Cargo
22/11/2022 11:51,0.316522678,1.26503083,103.7816726,353.9123103,Cargo
22/11/2022 11:52,0.229049676,1.265027689,103.7816657,418.8764608,Cargo
22/11/2022 11:53,0.345356371,1.265080374,103.7816421,417.9765886,Cargo
22/11/2022 11:54,0.55237581,1.265163751,103.781692,418.4583333,Cargo
22/11/2022 11:55,0.597084233,1.264977736,103.7817785,424.4416667,Cargo
22/11/2022 11:56,0.491792657,1.264931074,103.7817988,440.4610169,Cargo
22/11/2022 11:57,0.295140389,1.264986597,103.7817837,440.725,Cargo
22/11/2022 11:58,0.25075594,1.265028593,103.7817997,440.6433333,Cargo
22/11/2022 11:59,0.433477322,1.26507791,103.7817791,440.5609349,Cargo
22/11/2022 12:00,0.490820734,1.265162254,103.7817942,440.534687,Cargo
22/11/2022 12:01,0.297084233,1.265201245,103.7818192,440.7133333,Cargo
22/11/2022 12:02,0.359935205,1.26510456,103.7818414,440.5912898,Cargo
22/11/2022 12:03,0.770734341,1.264910531,103.7818529,440.5652174,Cargo
22/11/2022 12:04,0.488552916,1.264812663,103.7817854,440.6026711,Cargo
22/11/2022 12:05,0.248164147,1.264904095,103.7818169,440.608769,Cargo
22/11/2022 12:06,0.344384449,1.264968454,103.781817,440.7169179,Cargo
22/11/2022 12:07,0.356695464,1.265021909,103.78178,429.395,Cargo
22/11/2022 12:08,0.707559395,1.265279663,103.7817175,418.18,Cargo
22/11/2022 12:09,0.369978402,1.265301479,103.7817363,418.92,Cargo
22/11/2022 12:10,0.620410367,1.265100471,103.7817721,418.9103215,Cargo
22/11/2022 12:11,0.610367171,1.265115881,103.7816747,418.8881469,Cargo
22/11/2022 12:12,0.574406048,1.265098088,103.7815678,418.8883333,Cargo
22/11/2022 12:13,0.974190065,1.264870829,103.781827,418.9028476,Cargo
22/11/2022 12:14,0.739632829,1.264750494,103.7818466,418.8833333,Cargo
22/11/2022 12:15,0.357019438,1.264828126,103.7817265,418.8819562,Cargo
22/11/2022 12:16,0.609395248,1.264971666,103.7816048,359.2194305,Cargo
22/11/2022 12:17,0.581857451,1.265024673,103.7817592,415.395,Cargo
22/11/2022 12:18,0.261771058,1.265027636,103.7817447,419.2621035,Cargo
22/11/2022 12:19,0.456155508,1.265106067,103.7816348,420.72,Cargo
22/11/2022 12:20,0.410799136,1.265128641,103.78164,418.8595601,Cargo
22/11/2022 12:21,0.60161987,1.265126663,103.7814125,418.8580968,Cargo
22/11/2022 12:22,0.473974082,1.265149364,103.7815546,418.8533333,Cargo
22/11/2022 12:23,0.327213823,1.265129133,103.7815835,418.8444816,Cargo
22/11/2022 12:24,0.314902808,1.265126323,103.7816013,417.3956594,Cargo
22/11/2022 12:25,0.36349892,1.265200204,103.7816677,358.2516892,Cargo
22/11/2022 12:26,0.494060475,1.265274985,103.7818081,418.9782609,Cargo
22/11/2022 12:27,0.494708423,1.265324289,103.781945,419.0350584,Cargo
22/11/2022 12:28,0.367386609,1.265419017,103.7819447,415.6783333,Cargo
22/11/2022 12:29,0.372894168,1.265527928,103.7819986,509.9766277,Cargo
22/11/2022 12:30,0.228725702,1.265562203,103.7819715,539.7326565,Cargo
22/11/2022 12:31,0.464902808,1.26554459,103.781815,518.9033333,Cargo
22/11/2022 12:32,0.828401728,1.265613084,103.7818415,420.769616,Cargo
22/11/2022 12:33,2.538336933,1.266156352,103.7819266,417.4866221,Cargo
22/11/2022 12:34,5.130453564,1.267304941,103.7817922,568.4408784,Cargo
22/11/2022 12:35,5.178401728,1.268261398,103.7807505,752.1502504,Transit
22/11/2022 12:36,6.319438445,1.267671076,103.7792877,779.9,Transit
22/11/2022 12:37,8.262311015,1.265913029,103.7780019,779.8277592,Transit
22/11/2022 12:38,9.333045356,1.263624882,103.7770091,779.706177,Transit
22/11/2022 12:39,10.23174946,1.260931286,103.7766214,780.0016863,Transit
22/11/2022 12:40,10.96425486,1.257955783,103.7767908,779.8710218,Transit
22/11/2022 12:41,11.33131749,1.254835572,103.7773416,779.6416667,Transit
22/11/2022 12:42,11.24611231,1.251715369,103.7781324,779.9232053,Transit
22/11/2022 12:43,11.12883369,1.248711178,103.7790607,780.090301,Transit
22/11/2022 12:44,11.25971922,1.245712066,103.7800367,780.0658784,Transit
22/11/2022 12:45,11.17062635,1.242728944,103.7810399,778.3133333,Transit
22/11/2022 12:46,11.01317495,1.239854461,103.7819066,779.8916667,Transit
22/11/2022 12:47,9.88574514,1.236986044,103.7827226,602.3484087,Transit
22/11/2022 12:48,8.416198704,1.234564658,103.7835371,414.905,Transit
22/11/2022 12:49,7.610475162,1.232492296,103.7844074,417.4189189,Transit
22/11/2022 12:50,7.015982721,1.230643837,103.7852444,418.7625418,Transit
22/11/2022 12:51,6.483693305,1.228884081,103.7860741,417.7746244,Transit
22/11/2022 12:52,6.169114471,1.227352274,103.7869517,415.58,Transit
22/11/2022 12:53,6.10950324,1.225926263,103.7878035,417.2625418,Transit
22/11/2022 12:54,6.125701944,1.224523817,103.7887575,417.4307432,Transit
22/11/2022 12:55,5.76511879,1.223136685,103.7896515,417.4841402,Transit
22/11/2022 12:56,5.698704104,1.22190466,103.7907761,417.4166667,Transit
22/11/2022 12:57,5.510151188,1.220787672,103.7919307,419.3411371,Transit
22/11/2022 12:58,5.318358531,1.219768938,103.7930978,417.9415693,Transit
22/11/2022 12:59,4.887149028,1.218942886,103.7941784,414.6037099,Transit
22/11/2022 13:00,4.947084233,1.217936533,103.7950661,417.2043551,Transit
22/11/2022 13:01,5.52699784,1.216848172,103.7961075,417.5416667,Transit
22/11/2022 13:02,6.028833693,1.215687926,103.7973121,417.4833333,Transit
22/11/2022 13:03,6.652483801,1.214605242,103.7988293,417.3745763,Transit
22/11/2022 13:04,7.072030238,1.213461073,103.8004143,417.5133333,Transit
22/11/2022 13:05,7.313714903,1.21239055,103.8020207,417.4290484,Transit
22/11/2022 13:06,7.309827214,1.211497003,103.803854,417.5,Transit
22/11/2022 13:07,7.882937365,1.210739551,103.8058086,459.7772194,Transit
22/11/2022 13:08,9.379697624,1.209989371,103.8079734,619.6773649,Transit
22/11/2022 13:09,10.29524838,1.209265763,103.8105614,705.6833333,Transit
22/11/2022 13:10,11.15701944,1.208345322,103.8133392,780.2830821,Transit
22/11/2022 13:11,11.48034557,1.207225354,103.816261,780.1116667,Transit
22/11/2022 13:12,11.937473,1.206277868,103.8193668,780.2437396,Transit
22/11/2022 13:13,12.02591793,1.205543685,103.8225037,780.2864407,Transit
22/11/2022 13:14,12.11663067,1.204933083,103.8257728,780.105,Transit
22/11/2022 13:15,12.23196544,1.204512941,103.8291448,780.1833333,Transit
22/11/2022 13:16,12.5899568,1.204098892,103.8324933,777.1187291,Transit
22/11/2022 13:17,12.67062635,1.203846833,103.8359711,779.0451505,Transit
22/11/2022 13:18,12.72602592,1.203704938,103.8393813,780.2297297,Transit
22/11/2022 13:19,13.16144708,1.203952367,103.8429431,780.035,Transit
22/11/2022 13:20,13.39762419,1.204411733,103.8465554,779.5879397,Transit
22/11/2022 13:21,13.56382289,1.205142338,103.8502297,779.75,Transit
22/11/2022 13:22,13.69308855,1.206123612,103.8538671,779.8580968,Transit
22/11/2022 13:23,13.40604752,1.207405969,103.8574021,779.8898305,Transit
22/11/2022 13:24,13.34319654,1.208942287,103.8607493,779.8183333,Transit
22/11/2022 13:25,13.48444924,1.2107132,103.8639533,776.2220367,Transit
22/11/2022 13:26,12.94470842,1.212852506,103.8669739,779.3021703,Transit
22/11/2022 13:27,11.6825054,1.215397422,103.8692408,779.4966555,Transit
22/11/2022 13:28,10.62019438,1.21811326,103.8707093,779.7297297,Transit
22/11/2022 13:29,10.35485961,1.220778382,103.8718826,779.8783333,Transit
22/11/2022 13:30,10.46274298,1.223541958,103.8728239,780.001675,Transit
22/11/2022 13:31,10.5437365,1.226453854,103.873591,779.9933333,Transit
22/11/2022 13:32,10.73585313,1.229281553,103.8740802,780,Transit
22/11/2022 13:33,10.6937365,1.232204412,103.8747858,779.8491525,Transit
22/11/2022 13:34,10.75917927,1.235056358,103.8756593,779.7429048,Transit
22/11/2022 13:35,10.7300216,1.237741889,103.8769163,779.8666667,Transit
22/11/2022 13:36,10.73941685,1.240252086,103.8785261,779.3439065,Transit
22/11/2022 13:37,10.74654428,1.242526635,103.880496,779.5583756,Transit
22/11/2022 13:38,11.07764579,1.244517114,103.8828236,779.87,Transit
22/11/2022 13:39,10.96911447,1.246287155,103.8852771,779.9816361,Transit
22/11/2022 13:40,11.21241901,1.247946191,103.8878996,779.8963211,Transit
22/11/2022 13:41,11.31965443,1.249586539,103.8905794,779.9716667,Transit
22/11/2022 13:42,11.62483801,1.251242626,103.8933127,660.1672297,Transit
22/11/2022 13:43,11.53477322,1.253078533,103.8958724,779.7671692,Transit
22/11/2022 13:44,11.59276458,1.255286774,103.8981276,779.9583333,Transit
22/11/2022 13:45,11.48326134,1.25758592,103.9002979,779.9433333,Transit
22/11/2022 13:46,11.50788337,1.259940028,103.9024846,779.2053422,Transit
22/11/2022 13:47,11.67699784,1.262263521,103.904894,780.2335025,Transit
22/11/2022 13:48,11.83056156,1.264265925,103.9075934,779.8616667,Transit
22/11/2022 13:49,11.73887689,1.26607137,103.9103263,779.8833333,Transit
22/11/2022 13:50,11.70323974,1.267742486,103.9130473,748.460733,Transit
22/11/2022 13:51,11.7612311,1.269505431,103.9157353,780.0033333,Transit
22/11/2022 13:52,11.55064795,1.271427335,103.9184566,779.9459459,Transit
22/11/2022 13:53,11.65140389,1.273404225,103.9210218,780.0635452,Transit
22/11/2022 13:54,11.70518359,1.275336789,103.9235511,780.0516667,Transit
22/11/2022 13:55,11.64265659,1.276964708,103.9263387,780.1435726,Transit
22/11/2022 13:56,11.70809935,1.278458352,103.929193,778.6583333,Transit
22/11/2022 13:57,11.78131749,1.280021885,103.9320526,780.1661017,Transit
22/11/2022 13:58,11.62159827,1.282058042,103.9345936,779.9316667,Transit
22/11/2022 13:59,11.58660907,1.283972656,103.9371506,748.8315972,Transit
22/11/2022 14:00,11.64816415,1.285384739,103.9400372,779.8626466,Transit
22/11/2022 14:01,10.57095032,1.286585975,103.9428834,630.9416667,Transit
22/11/2022 14:02,10.19902808,1.287477435,103.945574,599.8040541,Transit
22/11/2022 14:03,10.04449244,1.288174763,103.948243,604.28,Transit
22/11/2022 14:04,10.58196544,1.288675761,103.9510935,739.1691792,Transit
22/11/2022 14:05,11.34978402,1.289110521,103.9541007,779.805,Transit
22/11/2022 14:06,11.10550756,1.289537552,103.9572121,702.7712855,Transit
22/11/2022 14:07,10.07948164,1.290036292,103.9600226,523.1759729,Transit
22/11/2022 14:08,8.803671706,1.290557414,103.9625478,416.125,Transit
22/11/2022 14:09,8.09287257,1.291083049,103.9647791,416.360601,Transit
22/11/2022 14:10,7.652267819,1.291605281,103.9668812,416.3043478,Transit
22/11/2022 14:11,7.227213823,1.292189575,103.9688519,418.1976351,Transit
22/11/2022 14:12,6.263714903,1.292802862,103.9705657,417.6427379,Transit
22/11/2022 14:13,5.553887689,1.293419665,103.9720606,422.7916667,Transit
22/11/2022 14:14,5.404211663,1.294043772,103.9734282,421.3762542,Transit
22/11/2022 14:15,6.733801296,1.294871777,103.9748349,447.5692821,Transit
22/11/2022 14:16,8.467386609,1.296171891,103.9764991,632.3976311,Transit
22/11/2022 14:17,8.982829374,1.297767118,103.9784079,571.5745394,Transit
22/11/2022 14:18,7.453671706,1.299345505,103.9800525,419.3083333,Transit
22/11/2022 14:19,6.205399568,1.301083658,103.9808084,574.935,Transit
22/11/2022 14:20,4.362311015,1.302572799,103.9807994,599.9246231,Transit
22/11/2022 14:21,3.744492441,1.303436223,103.98012,599.7976391,Transit
22/11/2022 14:22,3.926565875,1.303866547,103.9790599,566.6327212,Transit
22/11/2022 14:23,2.907991361,1.304074914,103.9781237,415.5133333,Transit
22/11/2022 14:24,2.705183585,1.304089947,103.9773901,410.9396985,Transit
22/11/2022 14:25,0.950863931,1.304036637,103.9769102,427.3166667,Transit
22/11/2022 14:26,0.876025918,1.304072248,103.9768379,416.6644182,Transit
22/11/2022 14:27,1.304967603,1.304198092,103.9770544,420.6314908,Transit
22/11/2022 14:28,0.53488121,1.304318526,103.9772536,417.2433333,Transit
22/11/2022 14:29,0.398164147,1.304332852,103.9772527,417.3366667,Transit
22/11/2022 14:30,0.450323974,1.304344149,103.9773007,417.5092127,Transit
22/11/2022 14:31,0.788552916,1.304361015,103.9773556,417.4510135,Transit
22/11/2022 14:32,0.599352052,1.304388086,103.9774699,91.56166667,Engine Off
22/11/2022 14:33,0.667710583,1.304331811,103.9775115,0.64028777,Engine Off
22/11/2022 14:34,0.629481641,1.304431581,103.9774319,0,Engine Off
22/11/2022 14:35,0.40075594,1.30447481,103.9773601,0,Engine Off
22/11/2022 14:36,0.403023758,1.304567905,103.9773226,0,Engine Off
22/11/2022 14:37,0.651187905,1.304564055,103.9773589,0,Engine Off
22/11/2022 14:38,0.397840173,1.304536423,103.9773232,0,Engine Off
22/11/2022 14:39,0.6087473,1.304470766,103.9773067,0,Engine Off
22/11/2022 14:40,0.490820734,1.304434359,103.9774122,0,Engine Off
22/11/2022 14:41,0.222570194,1.304429906,103.9774302,0,Engine Off
22/11/2022 14:42,0.26825054,1.304413378,103.9774348,0,Engine Off
22/11/2022 14:43,0.517062635,1.304494909,103.9774173,0,Engine Off
22/11/2022 14:44,0.389092873,1.304527044,103.9774407,0,Engine Off
22/11/2022 14:45,0.336933045,1.304501585,103.9774155,0,Engine Off
22/11/2022 14:46,0.398812095,1.304495549,103.9773686,0,Engine Off
22/11/2022 14:47,0.374514039,1.304481689,103.9773078,0,Engine Off
22/11/2022 14:48,0.303887689,1.304436365,103.9773138,0,Engine Off
22/11/2022 14:49,0.290928726,1.304480084,103.9773368,0,Engine Off
22/11/2022 14:50,0.217062635,1.304512898,103.9773199,0,Engine Off
22/11/2022 14:51,0.303239741,1.304550578,103.9773393,0,Engine Off
22/11/2022 14:52,0.236177106,1.304523012,103.977345,0,Engine Off
22/11/2022 14:53,0.479805616,1.304462926,103.9772458,0,Engine Off
22/11/2022 14:54,0.589308855,1.3043928,103.9773011,0,Engine Off
22/11/2022 14:55,0.462634989,1.304361606,103.9773867,0,Engine Off
22/11/2022 14:56,0.3174946,1.304344171,103.9773771,0,Engine Off
22/11/2022 14:57,0.242980562,1.304330738,103.9773863,0,Engine Off
22/11/2022 14:58,0.546868251,1.304380662,103.9774336,0,Engine Off
22/11/2022 14:59,0.30161987,1.304423398,103.9773953,0,Engine Off
22/11/2022 15:00,0.266306695,1.304441501,103.9774411,0,Engine Off
22/11/2022 15:01,0.395572354,1.304517473,103.9773964,0,Engine Off
22/11/2022 15:02,0.179805616,1.304498442,103.9773934,0,Engine Off
22/11/2022 15:03,0.195032397,1.304479946,103.9773803,0,Engine Off
22/11/2022 15:04,0.507343413,1.304393468,103.9774185,0,Engine Off
22/11/2022 15:05,0.4587473,1.304368028,103.9773033,0,Engine Off
22/11/2022 15:06,0.288984881,1.304369267,103.9773582,0,Engine Off
22/11/2022 15:07,0.181425486,1.30439807,103.9773856,0,Engine Off
22/11/2022 15:08,0.292548596,1.304397741,103.9773707,0,Engine Off
22/11/2022 15:09,0.525485961,1.304449525,103.9773111,0,Engine Off
22/11/2022 15:10,0.198272138,1.304412689,103.9773517,0,Engine Off
22/11/2022 15:11,0.327213823,1.304463904,103.9773617,0,Engine Off
22/11/2022 15:12,0.242008639,1.304490375,103.9774023,0,Engine Off
22/11/2022 15:13,0.255615551,1.304479704,103.9774103,0,Engine Off
22/11/2022 15:14,0.252699784,1.304483125,103.9773996,0,Engine Off
22/11/2022 15:15,0.126349892,1.304477372,103.9773908,0,Engine Off
22/11/2022 15:16,0.300647948,1.304469562,103.9773616,0,Engine Off
22/11/2022 15:17,0.241684665,1.304478578,103.9773306,0,Engine Off
22/11/2022 15:18,0.424730022,1.304469773,103.9772903,0,Engine Off
22/11/2022 15:19,0.49049676,1.304478269,103.9773266,0,Engine Off
22/11/2022 15:20,0.15712743,1.304502152,103.9773222,0,Engine Off
22/11/2022 15:21,0.191792657,1.30450554,103.9773116,0,Engine Off
22/11/2022 15:22,0.420842333,1.304505111,103.9772931,0,Engine Off
22/11/2022 15:23,0.13574514,1.304480115,103.9772533,0,Engine Off
22/11/2022 15:24,0.234557235,1.30449623,103.9772702,0,Engine Off
22/11/2022 15:25,0.244276458,1.304533053,103.9773001,0,Engine Off
22/11/2022 15:26,0.276025918,1.304547444,103.9773352,0,Engine Off
22/11/2022 15:27,0.252699784,1.304586797,103.9773623,0,Engine Off
22/11/2022 15:28,0.246544276,1.304582319,103.9773551,0,Engine Off
22/11/2022 15:29,0.235853132,1.30453657,103.9773335,0,Engine Off
22/11/2022 15:30,0.292224622,1.304539245,103.9773194,0,Engine Off
22/11/2022 15:31,0.299676026,1.304523009,103.9772991,0,Engine Off
22/11/2022 15:32,0.429589633,1.3045238,103.9773716,0,Engine Off
22/11/2022 15:33,0.382289417,1.304515046,103.9774224,0,Engine Off
22/11/2022 15:34,0.334665227,1.304597899,103.9773131,0,Engine Off
22/11/2022 15:35,0.307775378,1.304600493,103.9773013,0,Engine Off
22/11/2022 15:36,0.257883369,1.304593168,103.9773082,0,Engine Off
22/11/2022 15:37,0.187904968,1.304587369,103.9773121,0,Engine Off
22/11/2022 15:38,0.138660907,1.304579882,103.9772881,0,Engine Off
22/11/2022 15:39,0.374838013,1.304553617,103.9773604,0,Engine Off
22/11/2022 15:40,0.243952484,1.304518635,103.9773682,0,Engine Off
22/11/2022 15:41,0.275701944,1.304488867,103.9773584,0,Engine Off
22/11/2022 15:42,0.251079914,1.304500157,103.9773719,0,Engine Off
22/11/2022 15:43,0.354427646,1.304495902,103.9773752,0,Engine Off
22/11/2022 15:44,0.478185745,1.304489738,103.9772697,0,Engine Off
22/11/2022 15:45,0.57537797,1.304527926,103.9772821,0,Engine Off
22/11/2022 15:46,0.561771058,1.304539728,103.9772875,0,Engine Off
22/11/2022 15:47,0.236825054,1.304525054,103.9773302,0,Engine Off
22/11/2022 15:48,0.288336933,1.30452017,103.9773524,0,Engine Off
22/11/2022 15:49,0.326241901,1.304501162,103.9772859,0,Engine Off
22/11/2022 15:50,0.321058315,1.304538108,103.9772957,0,Engine Off
22/11/2022 15:51,0.493088553,1.304550929,103.9773243,0,Engine Off
22/11/2022 15:52,0.272786177,1.304560802,103.9772943,0,Engine Off
22/11/2022 15:53,0.163606911,1.304568201,103.9773185,0,Engine Off
22/11/2022 15:54,0.195032397,1.304596091,103.9773361,0,Engine Off
22/11/2022 15:55,0.355399568,1.304611216,103.9773825,0,Engine Off
22/11/2022 15:56,0.309395248,1.304606247,103.9774102,0,Engine Off
22/11/2022 15:57,0.198920086,1.304594632,103.9774232,0,Engine Off
22/11/2022 15:58,0.420194384,1.3045976,103.9773768,0,Engine Off
22/11/2022 15:59,0.176889849,1.304562264,103.9773721,0,Engine Off
22/11/2022 16:00,0.123110151,1.304565637,103.9773591,0,Engine Off
22/11/2022 16:01,0.366090713,1.304631889,103.9773299,0,Engine Off
22/11/2022 16:02,0.178833693,1.304653929,103.977338,0,Engine Off
22/11/2022 16:03,0.417278618,1.304644974,103.9773067,0,Engine Off
22/11/2022 16:04,0.231641469,1.304661904,103.9773076,0,Engine Off
22/11/2022 16:05,0.539092873,1.304662524,103.9773559,0,Engine Off
22/11/2022 16:06,0.236825054,1.304635511,103.9773498,0,Engine Off
22/11/2022 16:07,0.309071274,1.304658184,103.9773653,0,Engine Off
22/11/2022 16:08,0.225809935,1.304655903,103.9773789,0,Engine Off
22/11/2022 16:09,0.379049676,1.304676156,103.9774063,0,Engine Off
22/11/2022 16:10,0.186609071,1.304659552,103.9773865,0,Engine Off
22/11/2022 16:11,0.134449244,1.304668219,103.977388,0,Engine Off
22/11/2022 16:12,0.162311015,1.304677705,103.9773721,0,Engine Off
22/11/2022 16:13,0.264038877,1.304695725,103.9773511,0,Engine Off
22/11/2022 16:14,0.193088553,1.304696013,103.9773221,0,Engine Off
22/11/2022 16:15,0.438660907,1.304684974,103.9773006,0,Engine Off
22/11/2022 16:16,0.40399568,1.304668163,103.9772843,0,Engine Off
22/11/2022 16:17,0.228077754,1.304694246,103.9772699,0,Engine Off
22/11/2022 16:18,0.269546436,1.304696994,103.9772838,0,Engine Off
22/11/2022 16:19,0.371598272,1.304689854,103.9773811,0,Engine Off
22/11/2022 16:20,0.368034557,1.304673646,103.977377,0,Engine Off
22/11/2022 16:21,0.599352052,1.304767311,103.9772945,0,Engine Off
22/11/2022 16:22,0.179481641,1.304774135,103.9773099,0,Engine Off
22/11/2022 16:23,0.295464363,1.304768817,103.977327,0,Engine Off
22/11/2022 16:24,0.278617711,1.30470368,103.9773258,0,Engine Off
22/11/2022 16:25,0.264686825,1.304679633,103.9773219,0,Engine Off
22/11/2022 16:26,0.343412527,1.304667373,103.9773277,0,Engine Off
22/11/2022 16:27,0.430885529,1.304634766,103.9773141,0,Engine Off
22/11/2022 16:28,0.305183585,1.304648951,103.9773288,0,Engine Off
22/11/2022 16:29,0.28574514,1.30465897,103.9773808,0,Engine Off
22/11/2022 16:30,0.368682505,1.304651689,103.9773949,0,Engine Off
22/11/2022 16:31,0.415982721,1.304648745,103.9773937,0,Engine Off
22/11/2022 16:32,0.503779698,1.30462266,103.9773575,0,Engine Off
22/11/2022 16:33,0.402699784,1.30462858,103.9773721,0,Engine Off
22/11/2022 16:34,0.26663067,1.304667852,103.9773841,0,Engine Off
22/11/2022 16:35,0.357343413,1.304660462,103.9773828,0,Engine Off
22/11/2022 16:36,0.403347732,1.30461279,103.9774029,0,Engine Off
22/11/2022 16:37,0.387149028,1.304627121,103.9773075,0,Engine Off
22/11/2022 16:38,0.107235421,1.304648648,103.977279,0,Engine Off
22/11/2022 16:39,0.26987041,1.304648325,103.9773041,0,Engine Off
22/11/2022 16:40,0.315550756,1.304675286,103.9773418,0,Engine Off
22/11/2022 16:41,0.341792657,1.304676227,103.9773869,0,Engine Off
22/11/2022 16:42,0.224190065,1.30466343,103.9773634,0,Engine Off
22/11/2022 16:43,0.235529158,1.304650425,103.9773444,0,Engine Off
22/11/2022 16:44,0.392980562,1.304603058,103.9773469,0,Engine Off
22/11/2022 16:45,0.535205184,1.30457673,103.9773438,0,Engine Off
22/11/2022 16:46,0.614902808,1.304618206,103.9773134,0,Engine Off
22/11/2022 16:47,0.398164147,1.304633829,103.977347,0,Engine Off
22/11/2022 16:48,0.361231102,1.304617604,103.9773915,0,Engine Off
22/11/2022 16:49,0.399136069,1.304557906,103.9774246,0,Engine Off
22/11/2022 16:50,0.314902808,1.304533428,103.9774416,0,Engine Off
22/11/2022 16:51,0.325269978,1.304550556,103.9774034,0,Engine Off
22/11/2022 16:52,0.420518359,1.304567792,103.977327,0,Engine Off
22/11/2022 16:53,0.213822894,1.304569262,103.9773615,0,Engine Off
22/11/2022 16:54,0.421814255,1.304592264,103.9774256,0,Engine Off
22/11/2022 16:55,0.354427646,1.304575084,103.9774228,0,Engine Off
22/11/2022 16:56,0.186609071,1.304581177,103.9774109,0,Engine Off
22/11/2022 16:57,0.148704104,1.304559194,103.9774022,0,Engine Off
22/11/2022 16:58,0.244276458,1.304545127,103.9774146,0,Engine Off
22/11/2022 16:59,0.309719222,1.304561256,103.9773981,0,Engine Off
22/11/2022 17:00,0.366738661,1.304571233,103.9773942,0,Engine Off
22/11/2022 17:01,0.378401728,1.30458682,103.9773784,0,Engine Off
22/11/2022 17:02,0.341792657,1.304591479,103.977354,0,Engine Off
22/11/2022 17:03,0.36349892,1.304540619,103.9774448,0,Engine Off
22/11/2022 17:04,0.401079914,1.304533824,103.977352,0,Engine Off
22/11/2022 17:05,0.477861771,1.304576234,103.9773116,0,Engine Off
22/11/2022 17:06,0.477213823,1.304578256,103.9773674,0,Engine Off
22/11/2022 17:07,0.39362851,1.304589606,103.9773707,0,Engine Off
22/11/2022 17:08,0.244924406,1.304590725,103.9774118,0,Engine Off
22/11/2022 17:09,0.340172786,1.304572113,103.9774167,0,Engine Off
22/11/2022 17:10,0.382937365,1.30455574,103.9774195,0,Engine Off
22/11/2022 17:11,0.463930886,1.304534014,103.9774405,0,Engine Off
22/11/2022 17:12,0.871814255,1.304454147,103.9773972,0,Engine Off
22/11/2022 17:13,0.55399568,1.304505883,103.9773419,0,Engine Off
22/11/2022 17:14,0.410799136,1.304545059,103.9774073,0,Engine Off
22/11/2022 17:15,0.534557235,1.304509855,103.9773859,0,Engine Off
22/11/2022 17:16,0.400107991,1.304547934,103.9774369,0,Engine Off
22/11/2022 17:17,0.445464363,1.304537848,103.9774209,0,Engine Off
22/11/2022 17:18,0.270194384,1.304551533,103.9773351,0,Engine Off
22/11/2022 17:19,0.239092873,1.304537388,103.9773664,0,Engine Off
22/11/2022 17:20,0.365442765,1.304535047,103.9773616,0,Engine Off
22/11/2022 17:21,0.59287257,1.304524173,103.9773341,0,Engine Off
22/11/2022 17:22,0.344384449,1.304557827,103.9773475,0,Engine Off
22/11/2022 17:23,0.257235421,1.30461166,103.9773208,0,Engine Off
22/11/2022 17:24,0.421166307,1.304638176,103.9773091,0,Engine Off
22/11/2022 17:25,0.511231102,1.304604791,103.9773214,0,Engine Off
22/11/2022 17:26,0.499892009,1.304614922,103.9773589,0,Engine Off
22/11/2022 17:27,0.613606911,1.304566024,103.9774047,0,Engine Off
22/11/2022 17:28,0.288984881,1.304492481,103.9774102,0,Engine Off
22/11/2022 17:29,0.414038877,1.304530255,103.977412,0,Engine Off
22/11/2022 17:30,0.558207343,1.304525149,103.9773629,0,Engine Off
22/11/2022 17:31,0.276349892,1.304515155,103.9773947,0,Engine Off
22/11/2022 17:32,0.367386609,1.304533636,103.9774241,0,Engine Off
22/11/2022 17:33,0.246544276,1.304566051,103.9773479,0,Engine Off
22/11/2022 17:34,0.397840173,1.304624165,103.9772903,0,Engine Off
22/11/2022 17:35,0.351511879,1.304713876,103.9772366,0,Engine Off
22/11/2022 17:36,0.433477322,1.304739931,103.9772245,0,Engine Off
22/11/2022 17:37,0.394276458,1.304725269,103.9772779,0,Engine Off
22/11/2022 17:38,0.369978402,1.304738361,103.9773057,0,Engine Off
22/11/2022 17:39,0.351511879,1.304757444,103.9772742,0,Engine Off
22/11/2022 17:40,0.397840173,1.304799015,103.9771998,0,Engine Off
22/11/2022 17:41,0.385529158,1.304801523,103.9771857,0,Engine Off
22/11/2022 17:42,0.259179266,1.304745018,103.9772027,0,Engine Off
22/11/2022 17:43,0.247516199,1.304751748,103.9772061,0,Engine Off
22/11/2022 17:44,0.286393089,1.304766066,103.977204,0,Engine Off
22/11/2022 17:45,0.509935205,1.304749436,103.977276,0,Engine Off
22/11/2022 17:46,0.386825054,1.304753817,103.9772459,0,Engine Off
22/11/2022 17:47,0.411447084,1.304758943,103.9772236,0,Engine Off
22/11/2022 17:48,0.25237581,1.30475734,103.9772242,0,Engine Off
22/11/2022 17:49,0.242980562,1.304753479,103.9772707,0,Engine Off
22/11/2022 17:50,0.484341253,1.30472743,103.9772739,0,Engine Off
22/11/2022 17:51,0.540064795,1.304747807,103.9772593,0,Engine Off
22/11/2022 17:52,0.343412527,1.304748995,103.9772161,0,Engine Off
22/11/2022 17:53,0.355723542,1.304780987,103.977187,0,Engine Off
22/11/2022 17:54,0.312634989,1.304745871,103.9772466,0,Engine Off
22/11/2022 17:55,0.376781857,1.30468054,103.9772547,0,Engine Off
22/11/2022 17:56,0.472678186,1.304609572,103.9773394,0,Engine Off
22/11/2022 17:57,0.526457883,1.304584117,103.9773499,0,Engine Off
22/11/2022 17:58,0.25399568,1.304581867,103.9773504,0,Engine Off
22/11/2022 17:59,0.201835853,1.30457718,103.9773658,0,Engine Off
22/11/2022 18:00,0.30161987,1.304584412,103.9773527,0,Engine Off
22/11/2022 18:01,0.322030238,1.304650686,103.9773315,0,Engine Off
22/11/2022 18:02,0.240712743,1.3046818,103.9773273,0,Engine Off
22/11/2022 18:03,0.458099352,1.30471744,103.9773046,0,Engine Off
22/11/2022 18:04,0.471382289,1.304718327,103.9772481,0,Engine Off
22/11/2022 18:05,0.281857451,1.304762835,103.9772227,0,Engine Off
22/11/2022 18:06,0.351835853,1.304775612,103.9771676,0,Engine Off
22/11/2022 18:07,0.558207343,1.304805508,103.9771479,0,Engine Off
22/11/2022 18:08,0.294168467,1.304808349,103.9771476,0,Engine Off
22/11/2022 18:09,0.373542117,1.304848463,103.9770937,0,Engine Off
22/11/2022 18:10,0.407235421,1.304857823,103.9770563,0,Engine Off
22/11/2022 18:11,0.429589633,1.304870791,103.9770656,0,Engine Off
22/11/2022 18:12,0.463930886,1.304891494,103.9770594,0,Engine Off
22/11/2022 18:13,0.579913607,1.304816387,103.9771352,0,Engine Off
22/11/2022 18:14,0.496652268,1.304768898,103.9772625,0,Engine Off
22/11/2022 18:15,0.494384449,1.304713655,103.9773037,405.7027027,Idling
22/11/2022 18:16,0.656695464,1.304674899,103.9772758,417.5778894,Idling
22/11/2022 18:17,0.235853132,1.304626141,103.9772925,418.7483333,Idling
22/11/2022 18:18,0.381641469,1.304576356,103.9773594,418.8614865,Idling
22/11/2022 18:19,0.430561555,1.304548797,103.977392,424.6153846,Idling
22/11/2022 18:20,0.331425486,1.304550752,103.9774041,420.0767947,Idling
22/11/2022 18:21,0.396544276,1.304535596,103.9774041,419.0083333,Idling
22/11/2022 18:22,0.739308855,1.304574512,103.9773268,419.0184255,Idling
22/11/2022 18:23,0.404319654,1.304613334,103.977282,418.9915683,Idling
22/11/2022 18:24,0.429913607,1.304656142,103.9772294,354.5976628,Idling
22/11/2022 18:25,0.400431965,1.304635568,103.9771851,418.9333333,Idling
22/11/2022 18:26,0.598704104,1.304616671,103.9770779,419.6549414,Idling
22/11/2022 18:27,0.990712743,1.304558375,103.9768261,417.5143339,Idling
22/11/2022 18:28,0.714362851,1.30445699,103.9767128,418.335,Idling
22/11/2022 18:29,0.93336933,1.304322409,103.9765512,416.3299832,Idling
22/11/2022 18:30,1.282289417,1.30412602,103.9763973,417.4966667,Idling
22/11/2022 18:31,2.291792657,1.303785043,103.9760372,417.7178631,Idling
22/11/2022 18:32,4.066846652,1.303201165,103.9752831,468.6050847,Idling
22/11/2022 18:33,5.385421166,1.302547769,103.9740789,599.3288815,Idling
22/11/2022 18:34,7.372030238,1.301890883,103.9723374,649.8866667,Transit
22/11/2022 18:35,8.561663067,1.301024225,103.9702554,777.5308848,Transit
22/11/2022 18:36,9.437041037,1.299840487,103.9680755,773.1377551,Transit
22/11/2022 18:37,9.694276458,1.298339451,103.9658675,780.3541315,Transit
22/11/2022 18:38,9.745464363,1.296567437,103.9638396,780.1602671,Transit
22/11/2022 18:39,9.943412527,1.294676044,103.961835,779.8227425,Transit
22/11/2022 18:40,9.574082073,1.29289381,103.9597851,779.9449082,Transit
22/11/2022 18:41,9.255291577,1.292097614,103.9573334,780.1983333,Transit
22/11/2022 18:42,9.530669546,1.292015659,103.954659,779.8631757,Transit
22/11/2022 18:43,9.653779698,1.292022887,103.9519676,779.7621441,Transit
22/11/2022 18:44,9.448704104,1.29186637,103.9493227,780.1433333,Transit
22/11/2022 18:45,8.249028078,1.29148931,103.9468657,586.639399,Transit
22/11/2022 18:46,7.770518359,1.291038065,103.9446233,599.8327759,Transit
22/11/2022 18:47,6.782397408,1.290676971,103.9426872,437.9695946,Idling
22/11/2022 18:48,6.269546436,1.290590962,103.9408573,417.2966667,Idling
22/11/2022 18:49,5.43012959,1.290556291,103.9392614,354.8224456,Idling
22/11/2022 18:50,4.731965443,1.290571169,103.9378999,417.815,Idling
22/11/2022 18:51,4.072030238,1.290590657,103.9366689,417.8,Idling
22/11/2022 18:52,2.449568035,1.290511931,103.9357358,420.143824,Idling
22/11/2022 18:53,0.648596112,1.290484985,103.9354121,537.2257525,Idling
22/11/2022 18:54,0.689740821,1.290486308,103.93519,433.572621,Idling
22/11/2022 18:55,1.073326134,1.290569567,103.9351715,418.35,Idling
22/11/2022 18:56,0.70950324,1.290450968,103.9350886,419.7788945,Idling
22/11/2022 18:57,0.460367171,1.290387218,103.935055,418.2613828,Idling
22/11/2022 18:58,0.426025918,1.290363155,103.9350242,418.4490818,Idling
22/11/2022 18:59,0.41987041,1.290287225,103.9349994,415.3394649,Idling
22/11/2022 19:00,0.42537797,1.29025758,103.935031,421.5783333,Idling
22/11/2022 19:01,0.622354212,1.290201082,103.9351085,418.3040541,Idling
22/11/2022 19:02,0.346652268,1.2901727,103.9351702,418.3989983,Idling
22/11/2022 19:03,0.513174946,1.290210022,103.9351922,419.0318258,Idling
22/11/2022 19:04,0.64049676,1.290365384,103.9352684,420.5383333,Idling
22/11/2022 19:05,0.692332613,1.290413255,103.9352787,418.3338898,Idling
22/11/2022 19:06,0.53650108,1.290459769,103.9352862,418.3045685,Idling
22/11/2022 19:07,0.732181425,1.29048882,103.9353526,418.335,Idling
22/11/2022 19:08,0.565010799,1.290487599,103.9353478,418.2721202,Idling
22/11/2022 19:09,0.471382289,1.290538214,103.9355966,420.0301508,Idling
22/11/2022 19:10,0.273758099,1.290560897,103.9356278,416.9816667,Idling
22/11/2022 19:11,0.621058315,1.290463744,103.9355589,420.652027,Idling
22/11/2022 19:12,1.041576674,1.290168265,103.9355636,419.9133333,Idling
22/11/2022 19:13,0.842332613,1.289881766,103.935506,418.5259631,Idling
22/11/2022 19:14,0.837473002,1.289693439,103.9355299,418.1769616,Idling
22/11/2022 19:15,0.633693305,1.289547044,103.9357005,354.6083333,Idling
22/11/2022 19:16,0.823866091,1.289415436,103.9357519,420.8779661,Idling
22/11/2022 19:17,0.689416847,1.289341202,103.9358693,418.2,Idling
22/11/2022 19:18,0.48336933,1.289196878,103.9358479,417.665,Idling
22/11/2022 19:19,0.523218143,1.289049098,103.9359129,421.1072027,Idling
22/11/2022 19:20,0.452591793,1.288987564,103.9358264,418.1866667,Idling
22/11/2022 19:21,0.48887689,1.288904474,103.9359513,418.9172297,Idling
22/11/2022 19:22,0.403671706,1.288883534,103.936022,419.475793,Idling
22/11/2022 19:23,0.371598272,1.288829183,103.9360759,418.6254181,Idling
22/11/2022 19:24,0.542656587,1.288756447,103.9361985,418.9148581,Idling
22/11/2022 19:25,0.327213823,1.288750885,103.936311,420.935,Idling
22/11/2022 19:26,0.36187905,1.288794259,103.9363726,420.2254237,Idling
22/11/2022 19:27,0.503779698,1.288826557,103.9365229,420.4833333,Idling
22/11/2022 19:28,0.350539957,1.288931567,103.9365222,419.4691152,Idling
22/11/2022 19:29,0.337580994,1.28894558,103.9365706,418.2948074,Idling
22/11/2022 19:30,0.248488121,1.288926402,103.9366254,420.3680672,Idling
22/11/2022 19:31,0.367710583,1.288903908,103.9365981,420.6131757,Idling
22/11/2022 19:32,0.405291577,1.288863045,103.9366288,419.585,Idling
22/11/2022 19:33,0.214146868,1.288838269,103.9366331,418.4120603,Idling
22/11/2022 19:34,0.169438445,1.288834468,103.9366687,418.4266667,Idling
22/11/2022 19:35,0.192116631,1.288828483,103.9366712,422.4003378,Idling
22/11/2022 19:36,0.195356371,1.288844068,103.936727,419.6956522,Idling
22/11/2022 19:37,0.350863931,1.28885087,103.9366947,418.6460768,Idling
22/11/2022 19:38,0.423434125,1.288851666,103.9366498,418.3166667,Idling
22/11/2022 19:39,0.304535637,1.288931142,103.9366571,418.278057,Idling
22/11/2022 19:40,0.390064795,1.28892977,103.9366098,387.9256757,Idling
22/11/2022 19:41,0.366090713,1.288846144,103.9364602,384.2333333,Idling
22/11/2022 19:42,0.255291577,1.288831223,103.9364129,418.2871452,Idling
22/11/2022 19:43,0.335313175,1.288832434,103.9363831,394.4013378,Idling
22/11/2022 19:44,0.191468683,1.288850807,103.9363797,6.549248748,Engine Off
22/11/2022 19:45,0.34762419,1.288932838,103.9363759,0.166666667,Engine Off
22/11/2022 19:46,0.343412527,1.288973633,103.9363298,0,Engine Off
22/11/2022 19:47,0.294168467,1.288991654,103.9363231,0,Engine Off
22/11/2022 19:48,0.460367171,1.289090503,103.9363144,0,Engine Off
22/11/2022 19:49,0.270194384,1.289105677,103.9363389,0,Engine Off
22/11/2022 19:50,0.247840173,1.289177249,103.9363948,0,Engine Off
22/11/2022 19:51,0.376457883,1.289240061,103.9364059,0,Engine Off
22/11/2022 19:52,0.72537797,1.289293852,103.9363155,0,Engine Off
22/11/2022 19:53,0.396544276,1.289332496,103.9362528,0,Engine Off
22/11/2022 19:54,0.169114471,1.289377289,103.9362501,0,Engine Off
22/11/2022 19:55,0.57537797,1.289437052,103.9361971,0,Engine Off
22/11/2022 19:56,0.270842333,1.289459768,103.9361262,0,Engine Off
22/11/2022 19:57,0.121166307,1.289528013,103.9361156,0,Engine Off
22/11/2022 19:58,0.251403888,1.289544808,103.9360884,0,Engine Off
22/11/2022 19:59,0.648596112,1.289547635,103.936,0,Engine Off
22/11/2022 20:00,0.195356371,1.28955096,103.9359408,0,Engine Off
22/11/2022 20:01,0.593520518,1.289653978,103.9359274,0,Engine Off
22/11/2022 20:02,0.959611231,1.289625492,103.9357698,0,Engine Off
22/11/2022 20:03,0.113390929,1.289563062,103.9358298,0,Engine Off
22/11/2022 20:04,0.469438445,1.289549017,103.9358567,0,Engine Off
22/11/2022 20:05,1.023110151,1.289554556,103.9357871,0,Engine Off
22/11/2022 20:06,0.796328294,1.289503383,103.9358148,0,Engine Off
22/11/2022 20:07,0.678725702,1.289509481,103.9357316,0,Engine Off
22/11/2022 20:08,0.336609071,1.289531144,103.9356628,0,Engine Off
22/11/2022 20:09,0.378401728,1.289568794,103.9358592,0,Engine Off
22/11/2022 20:10,0.191792657,1.28956355,103.9358741,0,Engine Off
22/11/2022 20:11,0.332397408,1.289515949,103.9358532,0,Engine Off
22/11/2022 20:12,0.55237581,1.289497583,103.9358113,0,Engine Off
22/11/2022 20:13,0.436393089,1.289464522,103.9358201,0,Engine Off
22/11/2022 20:14,0.381965443,1.289402138,103.9358091,0,Engine Off
22/11/2022 20:15,0.577969762,1.289441611,103.9358396,0,Engine Off
22/11/2022 20:16,0.540712743,1.289469564,103.9359822,0,Engine Off
22/11/2022 20:17,0.49924406,1.289522801,103.9358454,0,Engine Off
22/11/2022 20:18,0.491144708,1.289525823,103.9358691,0,Engine Off
22/11/2022 20:19,0.60161987,1.289521844,103.93592,0,Engine Off
22/11/2022 20:20,0.381317495,1.289525777,103.9359015,0,Engine Off
22/11/2022 20:21,0.389416847,1.289571617,103.935948,0,Engine Off
22/11/2022 20:22,0.53812095,1.289563039,103.9359876,0,Engine Off
22/11/2022 20:23,0.912958963,1.289489169,103.9361234,0,Engine Off
22/11/2022 20:24,0.670950324,1.289446612,103.9361735,0,Engine Off
22/11/2022 20:25,0.509287257,1.289571652,103.9360793,0,Engine Off
22/11/2022 20:26,0.627861771,1.289561323,103.9360345,0,Engine Off
22/11/2022 20:27,0.375809935,1.289590573,103.9360176,0,Engine Off
22/11/2022 20:28,0.477537797,1.289524356,103.9360441,0,Engine Off
22/11/2022 20:29,0.99362851,1.289435621,103.936124,0,Engine Off
22/11/2022 20:30,0.369654428,1.289568608,103.9360327,0,Engine Off
22/11/2022 20:31,0.408207343,1.289585843,103.9360343,0,Engine Off
22/11/2022 20:32,0.160691145,1.289563588,103.9359911,0,Engine Off
22/11/2022 20:33,0.480453564,1.289585767,103.935978,0,Engine Off
22/11/2022 20:34,0.412095032,1.289593758,103.9360525,0,Engine Off
22/11/2022 20:35,0.427645788,1.289666456,103.9359464,0,Engine Off
22/11/2022 20:36,0.23650108,1.289658559,103.9360359,0,Engine Off
22/11/2022 20:37,0.481101512,1.28962408,103.9360324,0,Engine Off
22/11/2022 20:38,0.39524838,1.289602445,103.9360062,0,Engine Off
22/11/2022 20:39,0.713714903,1.289614759,103.93597,0,Engine Off
22/11/2022 20:40,0.392008639,1.289721103,103.9358914,0,Engine Off
22/11/2022 20:41,0.537796976,1.28964619,103.9359271,0,Engine Off
22/11/2022 20:42,0.803131749,1.289476643,103.9360989,0,Engine Off
22/11/2022 20:43,0.605183585,1.289513651,103.9360061,0,Engine Off
22/11/2022 20:44,0.440280778,1.289476963,103.9361,0,Engine Off
22/11/2022 20:45,0.497948164,1.289391395,103.9360759,0,Engine Off
22/11/2022 20:46,0.542980562,1.289529395,103.9359527,0,Engine Off
22/11/2022 20:47,0.994600432,1.289526831,103.9360099,0,Engine Off
22/11/2022 20:48,0.752591793,1.289514588,103.9360404,0,Engine Off
22/11/2022 20:49,0.51187905,1.289447807,103.9361342,0,Engine Off
22/11/2022 20:50,0.758423326,1.289275745,103.9363505,0,Engine Off
22/11/2022 20:51,0.83488121,1.289121702,103.936513,0,Engine Off
22/11/2022 20:52,0.571814255,1.289211592,103.9365354,0,Engine Off
22/11/2022 20:53,0.629481641,1.28929244,103.936381,0,Engine Off
22/11/2022 20:54,0.464578834,1.289387953,103.9363102,0,Engine Off
22/11/2022 20:55,0.4325054,1.289460716,103.9362809,0,Engine Off
22/11/2022 20:56,0.353779698,1.289436251,103.9362463,0,Engine Off
22/11/2022 20:57,1.391792657,1.289226258,103.936409,0,Engine Off
22/11/2022 20:58,0.820950324,1.289149061,103.9365278,0,Engine Off
22/11/2022 20:59,0.608423326,1.289380883,103.9362963,0,Engine Off
22/11/2022 21:00,0.522570194,1.289355199,103.9363164,0,Engine Off
22/11/2022 21:01,0.692332613,1.289256339,103.9364778,0,Engine Off
22/11/2022 21:02,0.446436285,1.28923127,103.936422,412.2136364,Idling
22/11/2022 21:03,0.287365011,1.289236178,103.9364346,418.8093645,Idling
22/11/2022 21:04,0.490172786,1.289213929,103.9364729,417.7003367,Idling
22/11/2022 21:05,0.246868251,1.289228684,103.9364532,419.2033333,Idling
22/11/2022 21:06,0.257559395,1.289278541,103.9364364,418.5267559,Idling
22/11/2022 21:07,0.296760259,1.289315475,103.9364519,418.4670051,Idling
22/11/2022 21:08,0.284773218,1.289332023,103.9363442,416.9866667,Idling
22/11/2022 21:09,0.395896328,1.289306547,103.936367,418.1633333,Idling
22/11/2022 21:10,0.210907127,1.289333447,103.9363857,417.8862876,Idling
22/11/2022 21:11,0.193412527,1.289322673,103.9364692,428.6460768,Cargo
22/11/2022 21:12,0.331101512,1.289294387,103.9365056,431.6947723,Cargo
22/11/2022 21:13,0.434773218,1.28925099,103.9365083,431.9799331,Cargo
22/11/2022 21:14,0.385853132,1.289280624,103.9364428,431.545,Cargo
22/11/2022 21:15,0.385529158,1.289272487,103.9364085,431.7262104,Cargo
22/11/2022 21:16,0.316522678,1.289251341,103.9364111,431.7466667,Cargo
22/11/2022 21:17,0.522570194,1.289254139,103.9364735,431.7694915,Cargo
22/11/2022 21:18,0.548812095,1.289143535,103.9365209,431.7666667,Cargo
22/11/2022 21:19,0.46587473,1.289104139,103.9365232,431.8213689,Cargo
22/11/2022 21:20,0.351187905,1.289207341,103.9364939,431.826087,Cargo
22/11/2022 21:21,0.351835853,1.289187112,103.9365013,431.8,Cargo
22/11/2022 21:22,0.398812095,1.289048399,103.9364865,431.8817568,Cargo
22/11/2022 21:23,0.485637149,1.289051163,103.9365884,431.7341137,Cargo
22/11/2022 21:24,0.250431965,1.289040466,103.9366865,431.6616667,Cargo
22/11/2022 21:25,0.397516199,1.289023895,103.9366872,431.7316667,Cargo
22/11/2022 21:26,0.571490281,1.288976353,103.9366115,431.6570946,Cargo
22/11/2022 21:27,0.433477322,1.288935437,103.9365841,430.9715243,Cargo
22/11/2022 21:28,0.199568035,1.288906927,103.9365711,431.7378965,Cargo
22/11/2022 21:29,0.366414687,1.288876344,103.9365586,431.7433333,Cargo
22/11/2022 21:30,0.453239741,1.288789547,103.9365926,431.7842809,Cargo
22/11/2022 21:31,0.32300216,1.288806505,103.9365919,431.7516892,Cargo
22/11/2022 21:32,0.31587473,1.288900075,103.9366707,431.8083333,Cargo
22/11/2022 21:33,0.238444924,1.288847112,103.9366379,431.7922948,Cargo
22/11/2022 21:34,0.162634989,1.288815394,103.9366326,431.785,Cargo
22/11/2022 21:35,0.354103672,1.288769452,103.9366597,431.7933333,Cargo
22/11/2022 21:36,0.201835853,1.288803714,103.93665,364.6655405,Cargo
22/11/2022 21:37,0.233909287,1.288763103,103.936645,431.8442211,Cargo
22/11/2022 21:38,0.288012959,1.288755631,103.9366276,431.685,Cargo
22/11/2022 21:39,0.576349892,1.288740718,103.9366763,431.8333333,Cargo
22/11/2022 21:40,0.566306695,1.288654873,103.9368312,431.7755444,Cargo
22/11/2022 21:41,0.162958963,1.288645873,103.9368699,431.7639123,Cargo
22/11/2022 21:42,0.420518359,1.288638119,103.9367786,431.7183333,Cargo
22/11/2022 21:43,0.218682505,1.288657949,103.9366981,431.8257956,Cargo
22/11/2022 21:44,0.080021598,1.288653089,103.9367088,396.5066667,Cargo
22/11/2022 21:45,0.27537797,1.288650422,103.9366811,400.255,Cargo
22/11/2022 21:46,0.579913607,1.28857628,103.9367079,431.7246622,Cargo
22/11/2022 21:47,0.256587473,1.288477122,103.9368138,431.7805695,Cargo
22/11/2022 21:48,0.300647948,1.288493612,103.936758,431.8166667,Cargo
22/11/2022 21:49,0.507019438,1.288483498,103.9367508,431.81,Cargo
22/11/2022 21:50,0.257235421,1.288420145,103.9366964,431.8043478,Cargo
22/11/2022 21:51,0.385529158,1.288373391,103.9367609,431.6621622,Cargo
22/11/2022 21:52,0.467170626,1.288409036,103.9368059,431.76,Cargo
22/11/2022 21:53,0.450647948,1.288356768,103.9368517,430.2914573,Cargo
22/11/2022 21:54,0.306155508,1.288297437,103.9368502,431.6316667,Cargo
22/11/2022 21:55,0.166522678,1.288259344,103.9368325,431.8433333,Cargo
22/11/2022 21:56,0.346976242,1.288290351,103.9368023,431.7055838,Cargo
22/11/2022 21:57,0.542980562,1.28834992,103.9368751,431.7654941,Cargo
22/11/2022 21:58,0.297084233,1.288316978,103.9367664,431.7344538,Cargo
22/11/2022 21:59,0.438336933,1.288313063,103.9368093,431.7216667,Cargo
22/11/2022 22:00,0.238444924,1.288326167,103.9368497,431.7440678,Cargo
22/11/2022 22:01,0.34924406,1.288272677,103.9367771,430.9383333,Cargo
22/11/2022 22:02,0.171382289,1.288213974,103.9367762,431.7128548,Cargo
22/11/2022 22:03,0.433477322,1.2882362,103.936738,431.6605351,Cargo
22/11/2022 22:04,0.408855292,1.288338966,103.936779,431.672788,Cargo
22/11/2022 22:05,0.449676026,1.288312239,103.9367374,431.75,Cargo
22/11/2022 22:06,0.704319654,1.288422055,103.9365616,431.7395659,Cargo
22/11/2022 22:07,0.495032397,1.288444835,103.9365603,431.7073579,Cargo
22/11/2022 22:08,0.553347732,1.288445875,103.9366418,431.6033333,Cargo
22/11/2022 22:09,0.335637149,1.288488399,103.9366955,431.6327212,Cargo
22/11/2022 22:10,0.440928726,1.288524229,103.9366211,431.8087986,Cargo
22/11/2022 22:11,0.283477322,1.288506236,103.9365845,431.8480801,Cargo
22/11/2022 22:12,0.545572354,1.288527127,103.9365952,431.8266667,Cargo
22/11/2022 22:13,0.439308855,1.288575722,103.936601,431.7470687,Cargo
22/11/2022 22:14,0.314578834,1.288543217,103.9366734,431.795,Cargo
22/11/2022 22:15,0.487580994,1.288571818,103.936711,431.8054146,Cargo
22/11/2022 22:16,0.387796976,1.288623225,103.936664,431.7716667,Cargo
22/11/2022 22:17,0.413714903,1.288632819,103.9366775,431.7956449,Cargo
22/11/2022 22:18,0.463282937,1.288699531,103.9366653,431.675,Cargo
22/11/2022 22:19,0.262419006,1.288779345,103.936608,431.7916667,Cargo
22/11/2022 22:20,0.172354212,1.288781884,103.9366157,431.6576271,Cargo
22/11/2022 22:21,0.525161987,1.288792785,103.9367165,431.69,Cargo
22/11/2022 22:22,0.373866091,1.288780834,103.9366534,431.7495826,Cargo
22/11/2022 22:23,0.413390929,1.288850324,103.9366282,431.8394649,Cargo
22/11/2022 22:24,0.178509719,1.288888171,103.9366181,431.8831386,Cargo
22/11/2022 22:25,0.062850972,1.288888234,103.9366054,431.8699324,Cargo
22/11/2022 22:26,0.131209503,1.288899243,103.9365899,431.8080134,Cargo
22/11/2022 22:27,0.22062635,1.288929615,103.9365641,431.8344482,Cargo
22/11/2022 22:28,0.161663067,1.28895208,103.936568,431.8447412,Cargo
22/11/2022 22:29,0.158099352,1.288934563,103.936566,431.8066667,Cargo
22/11/2022 22:30,0.112095032,1.288906801,103.9365738,431.9355932,Cargo
22/11/2022 22:31,0.204427646,1.288918775,103.936599,431.7716667,Cargo
22/11/2022 22:32,0.197300216,1.288927185,103.9366256,431.7583333,Cargo
22/11/2022 22:33,0.73574514,1.288842321,103.9366804,431.8308208,Cargo
22/11/2022 22:34,0.38812095,1.288730186,103.9366691,431.7394247,Cargo
22/11/2022 22:35,0.427645788,1.288779494,103.9366789,431.7483333,Cargo
22/11/2022 22:36,0.263714903,1.288765657,103.9367064,431.8316667,Cargo
22/11/2022 22:37,0.129589633,1.288796127,103.9366862,431.80067,Cargo
22/11/2022 22:38,0.464902808,1.288809712,103.9366547,431.7133333,Cargo
22/11/2022 22:39,0.359935205,1.288789206,103.9366549,431.8564189,Cargo
22/11/2022 22:40,0.320410367,1.288945992,103.9365932,431.6856187,Cargo
22/11/2022 22:41,0.141900648,1.288936639,103.9366053,431.6928214,Cargo
22/11/2022 22:42,0.107235421,1.288943623,103.9366178,431.795,Cargo
22/11/2022 22:43,0.312634989,1.288972193,103.936599,431.7483333,Cargo
22/11/2022 22:44,0.405615551,1.288994617,103.936645,363.4651952,Cargo
22/11/2022 22:45,0.376133909,1.288864164,103.9366664,431.6644407,Cargo
22/11/2022 22:46,0.317170626,1.288956029,103.936628,431.5883333,Cargo
22/11/2022 22:47,0.469114471,1.288964622,103.9365368,431.6348409,Cargo
22/11/2022 22:48,0.541036717,1.288808674,103.9365402,431.8683333,Cargo
22/11/2022 22:49,0.310043197,1.288679611,103.9365724,431.8496622,Cargo
22/11/2022 22:50,0.242980562,1.288715317,103.9365017,431.8979933,Cargo
22/11/2022 22:51,0.472354212,1.288794119,103.9365247,431.8681135,Cargo
22/11/2022 22:52,0.482397408,1.288771994,103.9365384,431.8733333,Cargo
22/11/2022 22:53,0.38812095,1.288741176,103.9365219,431.8130217,Cargo
22/11/2022 22:54,0.397516199,1.28872957,103.9364556,431.7118644,Cargo
22/11/2022 22:55,0.398812095,1.288668937,103.9364121,431.7429048,Cargo
22/11/2022 22:56,0.414038877,1.288609453,103.9364911,431.73,Cargo
22/11/2022 22:57,0.262419006,1.288577475,103.936522,431.7889447,Cargo
22/11/2022 22:58,0.509935205,1.28869879,103.9366126,431.7916667,Cargo
22/11/2022 22:59,0.184989201,1.288779326,103.9367078,431.8158784,Cargo
22/11/2022 23:00,0.450323974,1.288826994,103.936665,431.6666667,Cargo
22/11/2022 23:01,0.196328294,1.288922601,103.9366791,431.755,Cargo
22/11/2022 23:02,0.121490281,1.288896923,103.9366791,431.8631052,Cargo
22/11/2022 23:03,0.235205184,1.288851421,103.9366686,431.7633333,Cargo
22/11/2022 23:04,0.326889849,1.288809225,103.9366169,431.8719298,Cargo
22/11/2022 23:05,0.351835853,1.288761367,103.9365894,431.77,Cargo
22/11/2022 23:06,0.221922246,1.288817267,103.9365603,431.9133333,Cargo
22/11/2022 23:07,0.732181425,1.288947147,103.9365253,431.8927973,Cargo
22/11/2022 23:08,0.670302376,1.288908457,103.9365965,431.9510135,Cargo
22/11/2022 23:09,0.297084233,1.288821106,103.9366214,431.8816667,Cargo
22/11/2022 23:10,0.34049676,1.28891082,103.9365789,430.3098827,Cargo
22/11/2022 23:11,0.563066955,1.289033332,103.9365867,431.8666667,Cargo
22/11/2022 23:12,0.233261339,1.289114618,103.9365203,431.7583333,Cargo
22/11/2022 23:13,0.484989201,1.289030156,103.9366026,431.7800338,Cargo
22/11/2022 23:14,0.48336933,1.289041373,103.9365339,431.7571189,Cargo
22/11/2022 23:15,0.3,1.28902953,103.936477,431.7533333,Cargo
22/11/2022 23:16,0.043088553,1.289043194,103.9364641,431.8797997,Cargo
22/11/2022 23:17,0.207343413,1.289060299,103.9364842,431.764214,Cargo
22/11/2022 23:18,0.226133909,1.28912988,103.9365043,364.6908784,Cargo
22/11/2022 23:19,0.171706263,1.289135269,103.9365081,431.9283333,Cargo
22/11/2022 23:20,0.18174946,1.289241785,103.9365006,431.8073702,Cargo
22/11/2022 23:21,0.07937365,1.28924587,103.9365101,431.7116667,Cargo
22/11/2022 23:22,0.215442765,1.289234548,103.9365468,431.7312187,Cargo
22/11/2022 23:23,0.166198704,1.289196353,103.9365454,431.7952623,Cargo
22/11/2022 23:24,0.275053996,1.289173995,103.9365365,431.7558528,Cargo
22/11/2022 23:25,0.470734341,1.289234419,103.9364494,431.7128548,Cargo
22/11/2022 23:26,0.342440605,1.28919028,103.9364644,431.7916667,Cargo
22/11/2022 23:27,0.350539957,1.289152922,103.9365409,431.760469,Cargo
22/11/2022 23:28,0.278293737,1.289137583,103.9365433,431.8178752,Cargo
22/11/2022 23:29,0.245572354,1.289098807,103.9365891,431.7779633,Cargo
22/11/2022 23:30,0.406587473,1.289083849,103.9365197,431.680602,Cargo
22/11/2022 23:31,0.534557235,1.289123223,103.9364084,431.7896494,Cargo
22/11/2022 23:32,0.327213823,1.289185051,103.9363571,431.805,Cargo
22/11/2022 23:33,0.552699784,1.289208265,103.9364259,431.7089679,Cargo
22/11/2022 23:34,0.44287257,1.289193777,103.9364593,431.7575251,Cargo
22/11/2022 23:35,0.385853132,1.289302723,103.9365309,373.3689482,Cargo
22/11/2022 23:36,0.696868251,1.289313108,103.9364629,423.075,Cargo
22/11/2022 23:37,0.293520518,1.289259674,103.9364352,431.7353434,Cargo
22/11/2022 23:38,0.552051836,1.289138045,103.936487,431.6570946,Cargo
22/11/2022 23:39,0.445140389,1.289145078,103.9363933,431.69,Cargo
22/11/2022 23:40,0.217062635,1.289245479,103.9363515,431.6247906,Cargo
22/11/2022 23:41,0.286069114,1.289257633,103.9363881,431.6783333,Cargo
22/11/2022 23:42,0.10399568,1.289252267,103.9364022,431.7101695,Cargo
22/11/2022 23:43,0.273758099,1.289285842,103.9364312,431.665,Cargo
22/11/2022 23:44,0.357991361,1.289398583,103.9365266,365.1959799,Cargo
22/11/2022 23:45,0.237149028,1.28943597,103.9365066,431.6961603,Cargo
22/11/2022 23:46,0.462634989,1.289422924,103.9363649,431.66,Cargo
22/11/2022 23:47,0.31587473,1.289369623,103.9363227,431.740678,Cargo
22/11/2022 23:48,0.21349892,1.289374374,103.9363364,431.7,Cargo
22/11/2022 23:49,0.523542117,1.289334735,103.9363748,431.6611018,Cargo
22/11/2022 23:50,0.430885529,1.289295457,103.9364196,431.6934673,Cargo
22/11/2022 23:51,0.424730022,1.289299328,103.9363811,431.5516667,Cargo
22/11/2022 23:52,0.697192225,1.289172664,103.9363424,431.7220339,Cargo
22/11/2022 23:53,0.31425486,1.289230073,103.9363215,431.6866667,Cargo
22/11/2022 23:54,0.487904968,1.289268539,103.936329,431.6850921,Cargo
22/11/2022 23:55,0.520302376,1.289338651,103.9363468,431.7216667,Cargo
22/11/2022 23:56,0.367386609,1.289212872,103.9364371,431.7629382,Cargo
22/11/2022 23:57,0.229697624,1.289207633,103.9363777,431.840678,Cargo
22/11/2022 23:58,0.134773218,1.289206984,103.9363699,431.7533333,Cargo
22/11/2022 23:59,0.406911447,1.289194099,103.9364489,431.6911519,Cargo
