Datetime, GPS_Speed (knot) ,GPS_Latitude,GPS_Longtitde
22/11/2022 0:00,0.2,1.302563039,103.970317
22/11/2022 0:01,0.1,1.302586988,103.9703422
22/11/2022 0:02,0.1,1.302595821,103.9703465
22/11/2022 0:03,0.2,1.302574766,103.9703514
22/11/2022 0:04,0.1,1.302592267,103.9703408
22/11/2022 0:05,0.1,1.302614468,103.9703403
22/11/2022 0:06,0.1,1.302666803,103.9703177
22/11/2022 0:07,0.1,1.302674481,103.9703328
22/11/2022 0:08,0.1,1.302654662,103.9703599
22/11/2022 0:09,0.4,1.302676022,103.9702916
22/11/2022 0:10,0.3,1.302690566,103.9702881
22/11/2022 0:11,0.1,1.302661901,103.9702758
22/11/2022 0:12,0.2,1.302621528,103.9703159
22/11/2022 0:13,0.2,1.302608827,103.9703207
22/11/2022 0:14,0.2,1.302617826,103.9703174
22/11/2022 0:15,0.1,1.302609425,103.9703348
22/11/2022 0:16,0.1,1.30260951,103.9703584
22/11/2022 0:17,0.1,1.302604512,103.9703622
22/11/2022 0:18,0.2,1.302591817,103.970378
22/11/2022 0:19,0.5,1.302537692,103.9704012
22/11/2022 0:20,0.1,1.302487254,103.9703466
22/11/2022 0:21,0.2,1.302494668,103.9703446
22/11/2022 0:22,0.3,1.302482394,103.9703166
22/11/2022 0:23,0.2,1.302467984,103.9703224
22/11/2022 0:24,0.2,1.30248418,103.9703478
22/11/2022 0:25,0.2,1.302458159,103.9703912
22/11/2022 0:26,0.3,1.302446817,103.9703817
22/11/2022 0:27,0.3,1.302446242,103.9703161
22/11/2022 0:28,0.4,1.302467036,103.9702815
22/11/2022 0:29,0.3,1.302478375,103.9702917
22/11/2022 0:30,0.2,1.302503118,103.9703232
22/11/2022 0:31,0.2,1.302511372,103.9703136
22/11/2022 0:32,0.3,1.30252472,103.9703075
22/11/2022 0:33,0.2,1.302515141,103.9703061
22/11/2022 0:34,0.1,1.302525075,103.9703331
22/11/2022 0:35,0.4,1.302517989,103.970321
22/11/2022 0:36,0.2,1.302476644,103.970291
22/11/2022 0:37,0.4,1.302458792,103.9703114
22/11/2022 0:38,0.2,1.302470355,103.9703142
22/11/2022 0:39,0.4,1.302413181,103.970414
22/11/2022 0:40,0.2,1.302369761,103.970433
22/11/2022 0:41,0.3,1.302359591,103.9703837
22/11/2022 0:42,0.5,1.302437578,103.9703962
22/11/2022 0:43,0.4,1.302506019,103.9702999
22/11/2022 0:44,0.3,1.302494227,103.9702996
22/11/2022 0:45,0.2,1.302461912,103.9703359
22/11/2022 0:46,0.3,1.30241957,103.9704165
22/11/2022 0:47,0.1,1.302426768,103.9704183
22/11/2022 0:48,0.2,1.302426926,103.9704173
22/11/2022 0:49,0.1,1.30242931,103.9703968
22/11/2022 0:50,0.4,1.302477681,103.9703471
22/11/2022 0:51,0.2,1.302502311,103.9703465
22/11/2022 0:52,0.2,1.302501892,103.9703568
22/11/2022 0:53,0.2,1.30251897,103.9703476
22/11/2022 0:54,0.2,1.302486047,103.9703432
22/11/2022 0:55,0.4,1.302452471,103.9703392
22/11/2022 0:56,0.2,1.30248948,103.9703129
22/11/2022 0:57,0.1,1.302525043,103.9703043
22/11/2022 0:58,0.3,1.302528263,103.9702852
22/11/2022 0:59,0.2,1.302511228,103.9702757
22/11/2022 1:00,0.5,1.302454515,103.9702609
22/11/2022 1:01,0.1,1.302416035,103.9702652
22/11/2022 1:02,0.4,1.302430961,103.9702275
22/11/2022 1:03,0.6,1.302432842,103.9703515
22/11/2022 1:04,0.2,1.302440643,103.9704698
22/11/2022 1:05,0.2,1.302443228,103.9704524
22/11/2022 1:06,0.1,1.302449953,103.9704336
22/11/2022 1:07,0.3,1.302463089,103.9704083
22/11/2022 1:08,0.1,1.30250752,103.9703393
22/11/2022 1:09,0.3,1.302561508,103.9703673
22/11/2022 1:10,0.2,1.302573116,103.9703974
22/11/2022 1:11,0.7,1.302535168,103.9702892
22/11/2022 1:12,0.2,1.302518678,103.9703167
22/11/2022 1:13,0.3,1.302530223,103.9702923
22/11/2022 1:14,0.4,1.302522543,103.9702944
22/11/2022 1:15,0.3,1.302548228,103.9703232
22/11/2022 1:16,0.1,1.302548736,103.9703108
22/11/2022 1:17,0.1,1.302528759,103.9703228
22/11/2022 1:18,0.1,1.302497065,103.9703279
22/11/2022 1:19,0.3,1.302430908,103.9703109
22/11/2022 1:20,0.5,1.302410215,103.9702925
22/11/2022 1:21,0.3,1.30240883,103.970282
22/11/2022 1:22,0.2,1.302380276,103.9703403
22/11/2022 1:23,0.1,1.302432872,103.9703941
22/11/2022 1:24,0.1,1.302444796,103.9704075
22/11/2022 1:25,0.3,1.302466828,103.9704093
22/11/2022 1:26,0.2,1.30249584,103.9704061
22/11/2022 1:27,0.1,1.302476796,103.97041
22/11/2022 1:28,0.1,1.30249261,103.9704058
22/11/2022 1:29,0.2,1.302508529,103.9703763
22/11/2022 1:30,0.1,1.302535871,103.9703921
22/11/2022 1:31,0.2,1.302567571,103.9703802
22/11/2022 1:32,0.2,1.302598566,103.9704378
22/11/2022 1:33,0.4,1.302636583,103.9703807
22/11/2022 1:34,0.2,1.302635411,103.97035
22/11/2022 1:35,0.1,1.302615995,103.9703507
22/11/2022 1:36,0.1,1.302607019,103.970356
22/11/2022 1:37,0.7,1.302583537,103.9704311
22/11/2022 1:38,0.3,1.302622049,103.9705005
22/11/2022 1:39,0.3,1.302599839,103.9704133
22/11/2022 1:40,0.2,1.302586056,103.9703535
22/11/2022 1:41,0.3,1.302603541,103.9703001
22/11/2022 1:42,0.3,1.302630641,103.9703013
22/11/2022 1:43,0.3,1.302650521,103.9702797
22/11/2022 1:44,0.3,1.302596747,103.9703117
22/11/2022 1:45,0.2,1.302539989,103.9703678
22/11/2022 1:46,0.2,1.302529167,103.9703338
22/11/2022 1:47,0.1,1.302549683,103.9703154
22/11/2022 1:48,0.1,1.302549504,103.9703131
22/11/2022 1:49,0.5,1.302578683,103.9704153
22/11/2022 1:50,0.1,1.302597061,103.9703936
22/11/2022 1:51,0.4,1.302599851,103.9702875
22/11/2022 1:52,0.5,1.30257374,103.9702363
22/11/2022 1:53,0.2,1.30259719,103.9702687
22/11/2022 1:54,0.4,1.302606367,103.9702531
22/11/2022 1:55,0.7,1.302657763,103.9701118
22/11/2022 1:56,0.2,1.302661584,103.9701898
22/11/2022 1:57,0.1,1.302655282,103.9702497
22/11/2022 1:58,0.2,1.302652274,103.9702894
22/11/2022 1:59,0.3,1.302652411,103.9703122
22/11/2022 2:00,0.6,1.302657647,103.9703121
22/11/2022 2:01,0.3,1.302641251,103.9702158
22/11/2022 2:02,0.3,1.302631466,103.9702184
22/11/2022 2:03,0.4,1.302639956,103.970195
22/11/2022 2:04,0.3,1.302651526,103.9702446
22/11/2022 2:05,0.2,1.302642053,103.9702794
22/11/2022 2:06,0.2,1.302672335,103.9702415
22/11/2022 2:07,0.2,1.302702809,103.9702117
22/11/2022 2:08,0.2,1.302693568,103.9702255
22/11/2022 2:09,0.3,1.302695716,103.970306
22/11/2022 2:10,0.5,1.302715886,103.9703623
22/11/2022 2:11,0.3,1.302767336,103.9703379
22/11/2022 2:12,0.1,1.302804768,103.9703268
22/11/2022 2:13,0.1,1.302782958,103.9703152
22/11/2022 2:14,0.3,1.302772753,103.9703061
22/11/2022 2:15,0.4,1.302765596,103.9703555
22/11/2022 2:16,0.4,1.30278169,103.9703447
22/11/2022 2:17,0.6,1.302783128,103.9704089
22/11/2022 2:18,0.2,1.302796731,103.9704448
22/11/2022 2:19,0.5,1.302763272,103.9704105
22/11/2022 2:20,0.4,1.302795812,103.9703424
22/11/2022 2:21,0.3,1.302817116,103.9701775
22/11/2022 2:22,0.2,1.302782676,103.9701758
22/11/2022 2:23,0.2,1.302785689,103.9702039
22/11/2022 2:24,0.2,1.302795802,103.9702647
22/11/2022 2:25,0.4,1.302767408,103.9703467
22/11/2022 2:26,0.2,1.302746325,103.970358
22/11/2022 2:27,0.2,1.302783997,103.9703578
22/11/2022 2:28,0.2,1.302801447,103.970355
22/11/2022 2:29,0.3,1.302812552,103.9703351
22/11/2022 2:30,0.3,1.302810006,103.9703227
22/11/2022 2:31,0.3,1.302769741,103.9703424
22/11/2022 2:32,0.3,1.302763402,103.9703078
22/11/2022 2:33,0.2,1.302801091,103.9702961
22/11/2022 2:34,0.2,1.302784499,103.9703139
22/11/2022 2:35,0.3,1.302772191,103.9703442
22/11/2022 2:36,0.2,1.302750192,103.9703419
22/11/2022 2:37,0.3,1.302704036,103.9703316
22/11/2022 2:38,0.2,1.30269415,103.970305
22/11/2022 2:39,0.2,1.302699284,103.9702709
22/11/2022 2:40,0.1,1.30271873,103.9702609
22/11/2022 2:41,0.3,1.302748553,103.9702275
22/11/2022 2:42,0.1,1.302770248,103.9702015
22/11/2022 2:43,0.3,1.302757083,103.9702639
22/11/2022 2:44,0.4,1.302725511,103.9703072
22/11/2022 2:45,0.4,1.302808102,103.9703314
22/11/2022 2:46,0.1,1.302817719,103.970284
22/11/2022 2:47,0.1,1.302804424,103.970287
22/11/2022 2:48,0.1,1.302792199,103.9702862
22/11/2022 2:49,0.4,1.302753757,103.9703452
22/11/2022 2:50,0.2,1.302734302,103.9703808
22/11/2022 2:51,0.1,1.302719054,103.9704057
22/11/2022 2:52,0.1,1.302705846,103.9703889
22/11/2022 2:53,0.2,1.302700142,103.970371
22/11/2022 2:54,0.2,1.302707363,103.9703752
22/11/2022 2:55,0.3,1.302722395,103.9703758
22/11/2022 2:56,0.6,1.302740758,103.9703262
22/11/2022 2:57,0.2,1.302787326,103.9702596
22/11/2022 2:58,0.1,1.302758634,103.9702562
22/11/2022 2:59,0.2,1.302739302,103.9702505
22/11/2022 3:00,0.1,1.302716821,103.970261
22/11/2022 3:01,0.1,1.302693224,103.9702681
22/11/2022 3:02,0.1,1.302679259,103.9702694
22/11/2022 3:03,0.2,1.302688507,103.9702771
22/11/2022 3:04,0.1,1.302691845,103.9703013
22/11/2022 3:05,0.1,1.302692865,103.9702979
22/11/2022 3:06,0.3,1.302724132,103.9703243
22/11/2022 3:07,0.2,1.302747349,103.9703614
22/11/2022 3:08,0.3,1.302749474,103.9703723
22/11/2022 3:09,0.2,1.302755681,103.9703351
22/11/2022 3:10,0.1,1.302742895,103.9703404
22/11/2022 3:11,0.1,1.302735767,103.9703532
22/11/2022 3:12,0.1,1.302731919,103.9703384
22/11/2022 3:13,0.1,1.302727853,103.9703401
22/11/2022 3:14,0.1,1.302745103,103.9703352
22/11/2022 3:15,0.1,1.302751335,103.9703359
22/11/2022 3:16,0.1,1.302749613,103.9703387
22/11/2022 3:17,0.3,1.30273827,103.9703269
22/11/2022 3:18,0.2,1.302745727,103.9703254
22/11/2022 3:19,0.1,1.302748782,103.9703167
22/11/2022 3:20,0.1,1.302750217,103.9703351
22/11/2022 3:21,0.1,1.302745157,103.9703413
22/11/2022 3:22,0.1,1.302749215,103.9703374
22/11/2022 3:23,0.2,1.302749002,103.9703429
22/11/2022 3:24,0.3,1.302738133,103.9703774
22/11/2022 3:25,0.2,1.302732375,103.9704067
22/11/2022 3:26,0.3,1.302729089,103.9703285
22/11/2022 3:27,0.2,1.302761356,103.9703187
22/11/2022 3:28,0.1,1.302758588,103.9703289
22/11/2022 3:29,0.2,1.302759286,103.9703514
22/11/2022 3:30,0.2,1.302762299,103.9703878
22/11/2022 3:31,0.2,1.302764359,103.9703808
22/11/2022 3:32,0.1,1.302766356,103.9703639
22/11/2022 3:33,0.1,1.302752368,103.9703634
22/11/2022 3:34,0.2,1.302748277,103.9703397
22/11/2022 3:35,0.1,1.302744288,103.970331
22/11/2022 3:36,0.1,1.302724867,103.970347
22/11/2022 3:37,0.1,1.302706975,103.9703191
22/11/2022 3:38,0.2,1.302730668,103.9703471
22/11/2022 3:39,0.1,1.302720745,103.970361
22/11/2022 3:40,0.1,1.302701465,103.9703599
22/11/2022 3:41,0,1.302700096,103.9703559
22/11/2022 3:42,0.2,1.302702115,103.9703285
22/11/2022 3:43,0.3,1.302671367,103.9702675
22/11/2022 3:44,0.5,1.302643867,103.9701399
22/11/2022 3:45,0.6,1.30263735,103.9699103
22/11/2022 3:46,0.5,1.302628527,103.9697666
22/11/2022 3:47,0.6,1.302644021,103.9696357
22/11/2022 3:48,0.6,1.302624773,103.9694732
22/11/2022 3:49,0.3,1.30271058,103.9693137
22/11/2022 3:50,0.3,1.302728736,103.9692583
22/11/2022 3:51,0.5,1.302773661,103.969128
22/11/2022 3:52,0.5,1.302859495,103.9690142
22/11/2022 3:53,0.2,1.302880388,103.9689376
22/11/2022 3:54,0.9,1.302747961,103.9689045
22/11/2022 3:55,2.7,1.302197808,103.969001
22/11/2022 3:56,4.8,1.301001269,103.9692395
22/11/2022 3:57,6.1,1.299409242,103.9694876
22/11/2022 3:58,7,1.297591667,103.9697052
22/11/2022 3:59,8.3,1.295420171,103.9698815
22/11/2022 4:00,8.5,1.293054782,103.9698736
22/11/2022 4:01,8.2,1.291196677,103.9687145
22/11/2022 4:02,9,1.289766798,103.9667602
22/11/2022 4:03,9.3,1.288406643,103.9646104
22/11/2022 4:04,9.6,1.287023174,103.9624371
22/11/2022 4:05,9.5,1.285567899,103.9602841
22/11/2022 4:06,9.3,1.284095777,103.9581393
22/11/2022 4:07,9.3,1.282660383,103.9560051
22/11/2022 4:08,9.3,1.281348189,103.9538197
22/11/2022 4:09,9.3,1.280278055,103.9515228
22/11/2022 4:10,9.2,1.279414965,103.9491397
22/11/2022 4:11,9.4,1.278598231,103.9467164
22/11/2022 4:12,9.2,1.277759152,103.9443175
22/11/2022 4:13,9.3,1.27682117,103.9419647
22/11/2022 4:14,9.3,1.275819786,103.9395926
22/11/2022 4:15,9.3,1.274881689,103.93722
22/11/2022 4:16,9.1,1.274083132,103.9348475
22/11/2022 4:17,9.3,1.273343529,103.9323652
22/11/2022 4:18,9.2,1.272301452,103.9299997
22/11/2022 4:19,9.3,1.2709756,103.9278075
22/11/2022 4:20,9.4,1.269577762,103.9256712
22/11/2022 4:21,9.5,1.268056892,103.9235502
22/11/2022 4:22,9.3,1.26652635,103.9215062
22/11/2022 4:23,9.5,1.265040167,103.919414
22/11/2022 4:24,9.4,1.263620793,103.917179
22/11/2022 4:25,9.5,1.262252824,103.9149587
22/11/2022 4:26,9.5,1.260805543,103.9127722
22/11/2022 4:27,9.4,1.259391604,103.9106035
22/11/2022 4:28,9.5,1.257909294,103.9083904
22/11/2022 4:29,9.6,1.256536626,103.9061623
22/11/2022 4:30,9.5,1.25521005,103.9039144
22/11/2022 4:31,9.7,1.253944049,103.9016166
22/11/2022 4:32,9.7,1.252726703,103.8992459
22/11/2022 4:33,9.6,1.251555064,103.8968678
22/11/2022 4:34,9.5,1.250407606,103.8945015
22/11/2022 4:35,9.7,1.249188477,103.8921201
22/11/2022 4:36,9.7,1.247807829,103.889795
22/11/2022 4:37,9.9,1.24636833,103.8875335
22/11/2022 4:38,9.8,1.244890178,103.8853262
22/11/2022 4:39,9.6,1.243457675,103.883021
22/11/2022 4:40,9.8,1.24215259,103.8806717
22/11/2022 4:41,9.8,1.240994426,103.8783009
22/11/2022 4:42,9.8,1.239768096,103.8758887
22/11/2022 4:43,9.5,1.238287456,103.8737753
22/11/2022 4:44,8.6,1.236527999,103.8719727
22/11/2022 4:45,7.9,1.234594091,103.8707122
22/11/2022 4:46,7.5,1.232592528,103.8699816
22/11/2022 4:47,8.1,1.230502073,103.8694414
22/11/2022 4:48,8.9,1.228090874,103.8688705
22/11/2022 4:49,9.3,1.225583219,103.8683409
22/11/2022 4:50,9.6,1.222987472,103.8676727
22/11/2022 4:51,9.9,1.220513499,103.8665304
22/11/2022 4:52,10.3,1.218375694,103.8647719
22/11/2022 4:53,10.5,1.216429826,103.862732
22/11/2022 4:54,10.3,1.21461409,103.8605848
22/11/2022 4:55,10.1,1.213143621,103.8582607
22/11/2022 4:56,10.1,1.212013519,103.8557372
22/11/2022 4:57,10.2,1.211104494,103.8530796
22/11/2022 4:58,10.3,1.210365041,103.850384
22/11/2022 4:59,10,1.209825114,103.8475988
22/11/2022 5:00,9.9,1.209363014,103.8448337
22/11/2022 5:01,10,1.208913755,103.8421224
22/11/2022 5:02,10,1.208872623,103.8393639
22/11/2022 5:03,10.2,1.209044207,103.8365696
22/11/2022 5:04,9.9,1.209368533,103.8338496
22/11/2022 5:05,9.9,1.209775905,103.8311123
22/11/2022 5:06,9.8,1.210251705,103.8284533
22/11/2022 5:07,9.8,1.210683033,103.8257726
22/11/2022 5:08,9.7,1.211198188,103.8231425
22/11/2022 5:09,9.6,1.21183591,103.8205525
22/11/2022 5:10,9.8,1.212676229,103.8179735
22/11/2022 5:11,9.7,1.213547462,103.8154469
22/11/2022 5:12,9.6,1.214409012,103.8129602
22/11/2022 5:13,9.4,1.215307335,103.8104161
22/11/2022 5:14,9.7,1.216320261,103.8079515
22/11/2022 5:15,9.5,1.21761515,103.805605
22/11/2022 5:16,9.6,1.219102346,103.8033983
22/11/2022 5:17,9.5,1.22067999,103.8012442
22/11/2022 5:18,9.4,1.222389254,103.7991771
22/11/2022 5:19,8.5,1.224026965,103.7973029
22/11/2022 5:20,7.9,1.225590023,103.7956359
22/11/2022 5:21,6.9,1.227077433,103.7941162
22/11/2022 5:22,6.3,1.228475415,103.7929311
22/11/2022 5:23,5.4,1.229840834,103.7919478
22/11/2022 5:24,4.8,1.231108445,103.7912658
22/11/2022 5:25,3.6,1.23216766,103.790915
22/11/2022 5:26,2.4,1.232942646,103.7906222
22/11/2022 5:27,1.5,1.233434357,103.7903642
22/11/2022 5:28,1.1,1.233782002,103.7902182
22/11/2022 5:29,0.8,1.234035778,103.7901266
22/11/2022 5:30,0.5,1.234295363,103.7900965
22/11/2022 5:31,0.4,1.234413325,103.7900988
22/11/2022 5:32,0.4,1.234548752,103.7901841
22/11/2022 5:33,0.5,1.234717006,103.7902353
22/11/2022 5:34,0.5,1.234925245,103.7902635
22/11/2022 5:35,0.4,1.235085098,103.7903178
22/11/2022 5:36,0.3,1.23521782,103.7903545
22/11/2022 5:37,0.4,1.235294749,103.7903848
22/11/2022 5:38,0.3,1.235426195,103.7904795
22/11/2022 5:39,0.4,1.235525321,103.7905312
22/11/2022 5:40,0.4,1.235723123,103.7905369
22/11/2022 5:41,0.5,1.235726927,103.7905833
22/11/2022 5:42,0.4,1.235661277,103.7906609
22/11/2022 5:43,0.3,1.235685466,103.7907188
22/11/2022 5:44,0.9,1.235996283,103.7906885
22/11/2022 5:45,1.1,1.236321057,103.7906052
22/11/2022 5:46,1.2,1.23666014,103.7905255
22/11/2022 5:47,1.5,1.237035733,103.7903938
22/11/2022 5:48,2.5,1.23762583,103.7900543
22/11/2022 5:49,3.6,1.238249815,103.7894453
22/11/2022 5:50,4,1.239086522,103.7886725
22/11/2022 5:51,5.7,1.240057156,103.7876956
22/11/2022 5:52,7.4,1.241446187,103.7863488
22/11/2022 5:53,7.5,1.243054554,103.7849694
22/11/2022 5:54,7.8,1.244836977,103.7837491
22/11/2022 5:55,8.6,1.246742795,103.782473
22/11/2022 5:56,9.4,1.248899664,103.7810948
22/11/2022 5:57,9.8,1.251175766,103.7796319
22/11/2022 5:58,9.2,1.253586393,103.7782806
22/11/2022 5:59,8.7,1.255894106,103.7772263
22/11/2022 6:00,8.1,1.257973805,103.7760482
22/11/2022 6:01,7.7,1.25986998,103.7749238
22/11/2022 6:02,7,1.261873539,103.7742479
22/11/2022 6:03,6.1,1.263715797,103.7740689
22/11/2022 6:04,5.1,1.26527153,103.7743115
22/11/2022 6:05,4.3,1.266467146,103.7749125
22/11/2022 6:06,3.9,1.267224108,103.7756504
22/11/2022 6:07,3.6,1.267759669,103.7765279
22/11/2022 6:08,3.1,1.268183697,103.7773701
22/11/2022 6:09,2.4,1.268449273,103.7780859
22/11/2022 6:10,1.8,1.268551187,103.7786605
22/11/2022 6:11,1.3,1.268511752,103.7791229
22/11/2022 6:12,0.9,1.268526075,103.7794228
22/11/2022 6:13,0.9,1.268478332,103.7797244
22/11/2022 6:14,1,1.268425041,103.779984
22/11/2022 6:15,1,1.2683158,103.7802811
22/11/2022 6:16,0.5,1.268281364,103.7804941
22/11/2022 6:17,0.5,1.26826341,103.7805631
22/11/2022 6:18,0.5,1.268241392,103.7806624
22/11/2022 6:19,0.5,1.268182913,103.7807268
22/11/2022 6:20,0.5,1.26809252,103.7808041
22/11/2022 6:21,0.7,1.267947798,103.7807211
22/11/2022 6:22,1,1.267727647,103.7807347
22/11/2022 6:23,1.3,1.267414424,103.780609
22/11/2022 6:24,1.2,1.267097835,103.7805848
22/11/2022 6:25,1.1,1.266791426,103.7805621
22/11/2022 6:26,1,1.266538171,103.7805983
22/11/2022 6:27,0.7,1.266383292,103.7806744
22/11/2022 6:28,0.7,1.266260257,103.7807979
22/11/2022 6:29,0.7,1.266106975,103.7809149
22/11/2022 6:30,0.5,1.266038192,103.7810057
22/11/2022 6:31,0.5,1.266041388,103.7811279
22/11/2022 6:32,0.4,1.266062283,103.7813049
22/11/2022 6:33,0.3,1.266101886,103.7814154
22/11/2022 6:34,0.7,1.266029105,103.7814534
22/11/2022 6:35,0.4,1.265946744,103.7814899
22/11/2022 6:36,0.3,1.265886023,103.7815373
22/11/2022 6:37,0.4,1.265778684,103.7815595
22/11/2022 6:38,0.3,1.265690131,103.7815552
22/11/2022 6:39,0.3,1.265600356,103.7816111
22/11/2022 6:40,0.2,1.265588335,103.7816906
22/11/2022 6:41,0.3,1.265577349,103.7817366
22/11/2022 6:42,0.1,1.265569349,103.7817718
22/11/2022 6:43,0.3,1.265503023,103.7818494
22/11/2022 6:44,0.2,1.265466483,103.781877
22/11/2022 6:45,0.4,1.265430814,103.7818931
22/11/2022 6:46,0.4,1.265458536,103.7818912
22/11/2022 6:47,0.4,1.265408996,103.7818527
22/11/2022 6:48,0.5,1.26533718,103.7817751
22/11/2022 6:49,0.5,1.265281792,103.7817994
22/11/2022 6:50,0.3,1.26526564,103.7817581
22/11/2022 6:51,0.4,1.265210154,103.7816931
22/11/2022 6:52,0.5,1.265176196,103.7816277
22/11/2022 6:53,0.5,1.26518629,103.7816658
22/11/2022 6:54,0.4,1.26517514,103.7816024
22/11/2022 6:55,0.4,1.265145894,103.7816112
22/11/2022 6:56,0.3,1.26514505,103.7816387
22/11/2022 6:57,0.5,1.265225325,103.7816578
22/11/2022 6:58,0.4,1.265254572,103.7816525
22/11/2022 6:59,0.5,1.265205148,103.7815976
22/11/2022 7:00,0.4,1.265171329,103.7816258
22/11/2022 7:01,0.4,1.265198582,103.7816854
22/11/2022 7:02,0.2,1.265187657,103.7817162
22/11/2022 7:03,0.4,1.265123732,103.7817516
22/11/2022 7:04,0.6,1.265119881,103.7816894
22/11/2022 7:05,0.4,1.265170059,103.7816758
22/11/2022 7:06,0.4,1.265145507,103.781668
22/11/2022 7:07,0.4,1.265150082,103.7816893
22/11/2022 7:08,0.3,1.265144223,103.7816318
22/11/2022 7:09,0.4,1.26511378,103.7816691
22/11/2022 7:10,0.4,1.26511334,103.7816155
22/11/2022 7:11,0.3,1.265140374,103.781647
22/11/2022 7:12,0.4,1.265165083,103.7816466
22/11/2022 7:13,0.5,1.26517284,103.7816917
22/11/2022 7:14,0.8,1.265148936,103.7815498
22/11/2022 7:15,0.5,1.265150375,103.7815496
22/11/2022 7:16,0.4,1.265137998,103.7816075
22/11/2022 7:17,0.5,1.265121571,103.7816801
22/11/2022 7:18,0.3,1.265147806,103.7817064
22/11/2022 7:19,0.6,1.265178245,103.7816316
22/11/2022 7:20,0.6,1.265081172,103.7817027
22/11/2022 7:21,0.3,1.265076415,103.7816309
22/11/2022 7:22,0.7,1.265211995,103.7815896
22/11/2022 7:23,0.5,1.26523642,103.7816054
22/11/2022 7:24,0.7,1.265238469,103.7816151
22/11/2022 7:25,0.4,1.26529022,103.7815742
22/11/2022 7:26,0.6,1.265142748,103.7816579
22/11/2022 7:27,0.5,1.265205785,103.781665
22/11/2022 7:28,0.3,1.265249311,103.7816961
22/11/2022 7:29,0.5,1.265199199,103.7816485
22/11/2022 7:30,0.5,1.265234011,103.7817338
22/11/2022 7:31,0.9,1.265254374,103.7816831
22/11/2022 7:32,0.7,1.265251798,103.7816504
22/11/2022 7:33,0.5,1.265206615,103.7817107
22/11/2022 7:34,0.4,1.265193225,103.7816988
22/11/2022 7:35,0.4,1.265171805,103.7815908
22/11/2022 7:36,0.7,1.265246109,103.7815852
22/11/2022 7:37,1.2,1.265128011,103.7816107
22/11/2022 7:38,0.4,1.265101432,103.7817128
22/11/2022 7:39,0.5,1.265255782,103.7816592
22/11/2022 7:40,0.6,1.265155863,103.7817275
22/11/2022 7:41,0.3,1.265102388,103.7817573
22/11/2022 7:42,0.6,1.265137731,103.7816705
22/11/2022 7:43,0.4,1.265214385,103.7816763
22/11/2022 7:44,0.4,1.265050346,103.7816597
22/11/2022 7:45,0.6,1.265030217,103.7816546
22/11/2022 7:46,0.4,1.265148734,103.78171
22/11/2022 7:47,0.5,1.265212731,103.7816625
22/11/2022 7:48,0.4,1.265127178,103.7816194
22/11/2022 7:49,0.6,1.265037422,103.7817376
22/11/2022 7:50,0.5,1.265037232,103.7818141
22/11/2022 7:51,0.5,1.265080609,103.7816846
22/11/2022 7:52,0.6,1.265095693,103.7816644
22/11/2022 7:53,0.4,1.265109882,103.781686
22/11/2022 7:54,0.5,1.265146158,103.7816108
22/11/2022 7:55,0.4,1.265164453,103.7816637
22/11/2022 7:56,0.3,1.265177291,103.7816165
22/11/2022 7:57,0.5,1.265147753,103.781552
22/11/2022 7:58,0.6,1.265165181,103.7817009
22/11/2022 7:59,0.5,1.265167216,103.7817536
22/11/2022 8:00,0.5,1.26516268,103.7817231
22/11/2022 8:01,0.2,1.265127642,103.7817103
22/11/2022 8:02,0.3,1.265119441,103.7816925
22/11/2022 8:03,0.3,1.265125506,103.7816984
22/11/2022 8:04,0.6,1.265064391,103.7818307
22/11/2022 8:05,0.5,1.265036141,103.7818372
22/11/2022 8:06,0.5,1.26517109,103.7818375
22/11/2022 8:07,0.3,1.26512105,103.7817723
22/11/2022 8:08,0.3,1.265069621,103.7817323
22/11/2022 8:09,0.2,1.265097628,103.7817357
22/11/2022 8:10,0.6,1.265094514,103.7816789
22/11/2022 8:11,0.5,1.265048664,103.7817617
22/11/2022 8:12,0.2,1.265027209,103.7817463
22/11/2022 8:13,0.4,1.26506802,103.7817168
22/11/2022 8:14,0.2,1.265052568,103.7817506
22/11/2022 8:15,0.1,1.265036462,103.7817492
22/11/2022 8:16,0.2,1.265042815,103.7817425
22/11/2022 8:17,0.1,1.265078433,103.7817275
22/11/2022 8:18,0.1,1.265083593,103.7817129
22/11/2022 8:19,0.4,1.265071277,103.7817738
22/11/2022 8:20,0.4,1.265197424,103.7817002
22/11/2022 8:21,0.3,1.265218012,103.7816802
22/11/2022 8:22,0.2,1.265127913,103.7816402
22/11/2022 8:23,0.3,1.265071208,103.781622
22/11/2022 8:24,0.3,1.26512528,103.7816324
22/11/2022 8:25,0.3,1.26510412,103.7816319
22/11/2022 8:26,0.2,1.265054275,103.7816821
22/11/2022 8:27,0.3,1.265077117,103.7816474
22/11/2022 8:28,0.3,1.265103615,103.7815927
22/11/2022 8:29,0.1,1.26509615,103.781616
22/11/2022 8:30,0.4,1.265102558,103.7816287
22/11/2022 8:31,0.3,1.265034166,103.7816555
22/11/2022 8:32,0.3,1.265043148,103.7816619
22/11/2022 8:33,0.2,1.265070818,103.7816559
22/11/2022 8:34,0.2,1.265096568,103.7816287
22/11/2022 8:35,0.3,1.265113147,103.7816625
22/11/2022 8:36,0.2,1.265108104,103.7816867
22/11/2022 8:37,0.3,1.265172001,103.78165
22/11/2022 8:38,0.5,1.26524823,103.781546
22/11/2022 8:39,0.2,1.265215188,103.7815016
22/11/2022 8:40,0.3,1.26517931,103.7815438
22/11/2022 8:41,0.5,1.265115549,103.7816309
22/11/2022 8:42,0.4,1.26510703,103.7816989
22/11/2022 8:43,0.3,1.26509039,103.7816412
22/11/2022 8:44,0.3,1.265099775,103.7816368
22/11/2022 8:45,0.6,1.265123298,103.7816845
22/11/2022 8:46,0.6,1.265084454,103.7817662
22/11/2022 8:47,0.4,1.265070492,103.7818268
22/11/2022 8:48,0.5,1.265102063,103.7816902
22/11/2022 8:49,0.8,1.265020616,103.7817746
22/11/2022 8:50,0.4,1.265009702,103.7817499
22/11/2022 8:51,0.4,1.265089971,103.7817333
22/11/2022 8:52,0.4,1.265071978,103.781684
22/11/2022 8:53,0.4,1.265031063,103.7817262
22/11/2022 8:54,0.5,1.26507787,103.7817737
22/11/2022 8:55,0.4,1.265086283,103.7817767
22/11/2022 8:56,0.4,1.264990256,103.7817632
22/11/2022 8:57,0.3,1.264968955,103.7817743
22/11/2022 8:58,0.3,1.265017317,103.7817719
22/11/2022 8:59,0.5,1.265081088,103.7817437
22/11/2022 9:00,1,1.265015269,103.781883
22/11/2022 9:01,0.8,1.264963953,103.7818398
22/11/2022 9:02,0.4,1.265033432,103.7817976
22/11/2022 9:03,0.4,1.265074268,103.7816562
22/11/2022 9:04,0.4,1.265177443,103.7816475
22/11/2022 9:05,0.4,1.265142858,103.7816951
22/11/2022 9:06,0.2,1.265107756,103.7817068
22/11/2022 9:07,0.8,1.265085649,103.781715
22/11/2022 9:08,0.7,1.265152098,103.7816927
22/11/2022 9:09,0.3,1.265212122,103.7816999
22/11/2022 9:10,0.7,1.26516456,103.7818308
22/11/2022 9:11,0.5,1.26510544,103.7817638
22/11/2022 9:12,0.3,1.265114084,103.7816444
22/11/2022 9:13,0.3,1.265110531,103.781683
22/11/2022 9:14,0.3,1.265141368,103.7817032
22/11/2022 9:15,0.3,1.265125111,103.781699
22/11/2022 9:16,0.5,1.26509231,103.7816233
22/11/2022 9:17,0.2,1.265111999,103.7816074
22/11/2022 9:18,0.2,1.265113216,103.7815912
22/11/2022 9:19,0.4,1.265124275,103.7815726
22/11/2022 9:20,0.3,1.26508327,103.781621
22/11/2022 9:21,0.3,1.265070113,103.7816769
22/11/2022 9:22,0.2,1.265057481,103.7816807
22/11/2022 9:23,0.1,1.265068226,103.7816664
22/11/2022 9:24,0.3,1.265077708,103.7816234
22/11/2022 9:25,0.3,1.265084155,103.7816931
22/11/2022 9:26,0.3,1.265104857,103.7817401
22/11/2022 9:27,0.1,1.265095305,103.781718
22/11/2022 9:28,0.3,1.265094338,103.7816558
22/11/2022 9:29,0.2,1.265112871,103.7816335
22/11/2022 9:30,0.4,1.26514307,103.7816175
22/11/2022 9:31,0.2,1.265139322,103.7816068
22/11/2022 9:32,0.1,1.265123972,103.7816329
22/11/2022 9:33,0.1,1.265123661,103.7816269
22/11/2022 9:34,0.4,1.265089105,103.7815816
22/11/2022 9:35,0.4,1.265077513,103.7816029
22/11/2022 9:36,0.1,1.265083901,103.7816107
22/11/2022 9:37,0.1,1.265091601,103.7816101
22/11/2022 9:38,0.2,1.265096973,103.7816273
22/11/2022 9:39,0.1,1.265125498,103.7816417
22/11/2022 9:40,0.4,1.265111397,103.7816585
22/11/2022 9:41,0.2,1.265113049,103.7816936
22/11/2022 9:42,0.3,1.265077981,103.7816736
22/11/2022 9:43,0.4,1.26503991,103.7816289
22/11/2022 9:44,0.3,1.265056738,103.7816822
22/11/2022 9:45,0.3,1.265016547,103.7817536
22/11/2022 9:46,0.6,1.26503366,103.7817029
22/11/2022 9:47,0.2,1.265140461,103.7816522
22/11/2022 9:48,0.2,1.265116262,103.7816808
22/11/2022 9:49,0.2,1.265092163,103.7817232
22/11/2022 9:50,0.1,1.2650721,103.7817282
22/11/2022 9:51,0.2,1.265089204,103.781724
22/11/2022 9:52,0.4,1.265051247,103.7816786
22/11/2022 9:53,0.2,1.264997009,103.781727
22/11/2022 9:54,0.1,1.264988355,103.7817272
22/11/2022 9:55,0.2,1.265026815,103.7817145
22/11/2022 9:56,0.2,1.265061675,103.7817314
22/11/2022 9:57,0.1,1.26507352,103.781731
22/11/2022 9:58,0.2,1.265077671,103.7817154
22/11/2022 9:59,0.4,1.265018047,103.781657
22/11/2022 10:00,0.3,1.265035582,103.7816404
22/11/2022 10:01,0.1,1.265078686,103.7816636
22/11/2022 10:02,0.3,1.265098139,103.7816818
22/11/2022 10:03,0.4,1.265146782,103.7816443
22/11/2022 10:04,0.2,1.265203117,103.7816781
22/11/2022 10:05,0.3,1.265163894,103.7816201
22/11/2022 10:06,0.2,1.26512532,103.7815244
22/11/2022 10:07,0.2,1.265134898,103.7815622
22/11/2022 10:08,0.1,1.265134374,103.781569
22/11/2022 10:09,0.4,1.265196073,103.7816473
22/11/2022 10:10,0.3,1.265208732,103.7816155
22/11/2022 10:11,0.5,1.265136565,103.7817137
22/11/2022 10:12,0.4,1.26512058,103.7816612
22/11/2022 10:13,0.2,1.265146161,103.7816036
22/11/2022 10:14,0.5,1.265087842,103.7816244
22/11/2022 10:15,0.3,1.265065397,103.781681
22/11/2022 10:16,0.2,1.265076546,103.7817032
22/11/2022 10:17,0.2,1.265091979,103.7816549
22/11/2022 10:18,0.2,1.265155031,103.7816824
22/11/2022 10:19,0.4,1.265142566,103.7816471
22/11/2022 10:20,0.2,1.265103458,103.7816365
22/11/2022 10:21,0.2,1.265103944,103.781617
22/11/2022 10:22,0.1,1.265089345,103.781598
22/11/2022 10:23,0.3,1.265070535,103.7816161
22/11/2022 10:24,0.2,1.265070851,103.781636
22/11/2022 10:32,0.277165413,1.265028885,103.7817529
22/11/2022 10:33,0.176889849,1.265012351,103.7817143
22/11/2022 10:34,0.146436285,1.26504846,103.7817122
22/11/2022 10:35,0.426349892,1.265107618,103.7817234
22/11/2022 10:36,0.404967603,1.265054164,103.7817023
22/11/2022 10:37,0.26663067,1.265065516,103.7816062
22/11/2022 10:38,0.388444924,1.265052271,103.7815879
22/11/2022 10:39,0.282181425,1.265093985,103.7816224
22/11/2022 10:40,0.273434125,1.265143823,103.781598
22/11/2022 10:41,0.265982721,1.265170338,103.7816248
22/11/2022 10:42,0.429913607,1.265146717,103.7816918
22/11/2022 10:43,0.352807775,1.265140415,103.7816661
22/11/2022 10:44,0.381965443,1.265151424,103.7817067
22/11/2022 10:45,0.296112311,1.265185048,103.7816549
22/11/2022 10:46,0.42537797,1.265122088,103.7816397
22/11/2022 10:47,0.245896328,1.265055227,103.7816104
22/11/2022 10:48,0.374838013,1.265133687,103.7816908
22/11/2022 10:49,0.366090713,1.265171489,103.7817109
22/11/2022 10:50,0.339524838,1.265125446,103.7816209
22/11/2022 10:51,0.116954644,1.26517955,103.7815672
22/11/2022 10:52,0.42537797,1.265197208,103.7816249
22/11/2022 10:53,0.266954644,1.265261646,103.7817054
22/11/2022 10:54,0.343736501,1.265232429,103.7816491
22/11/2022 10:55,0.505075594,1.265161189,103.7816476
22/11/2022 10:56,0.350539957,1.265165661,103.7817317
22/11/2022 10:57,0.376781857,1.265127476,103.7816839
22/11/2022 10:58,0.148704104,1.265133948,103.7816662
22/11/2022 10:59,0.268898488,1.26513846,103.78168
22/11/2022 11:00,0.452915767,1.265137714,103.7816234
22/11/2022 11:01,0.235853132,1.265093897,103.7816653
22/11/2022 11:02,0.163930886,1.265077326,103.781686
22/11/2022 11:03,0.453887689,1.265061834,103.781726
22/11/2022 11:04,0.718898488,1.265071616,103.7817418
22/11/2022 11:05,0.403347732,1.265146775,103.7818094
22/11/2022 11:06,0.454859611,1.265161319,103.7817751
22/11/2022 11:07,0.309395248,1.265095326,103.7816447
22/11/2022 11:08,0.251727862,1.26510802,103.7817
22/11/2022 11:09,0.339200864,1.265120639,103.7816878
22/11/2022 11:10,0.295464363,1.265077036,103.7816589
22/11/2022 11:11,0.196328294,1.265111022,103.7817001
22/11/2022 11:12,0.347300216,1.265070081,103.7816925
22/11/2022 11:13,0.373218143,1.26503339,103.7817208
22/11/2022 11:14,0.453239741,1.265003903,103.7818024
22/11/2022 11:15,0.548488121,1.265053465,103.7818878
22/11/2022 11:16,0.404319654,1.265034428,103.7817206
22/11/2022 11:17,0.180777538,1.265032146,103.7817314
22/11/2022 11:18,0.159071274,1.265036896,103.7817271
22/11/2022 11:19,0.334341253,1.265062599,103.7816624
22/11/2022 11:20,0.303887689,1.265023543,103.7816311
22/11/2022 11:21,0.435097192,1.264987713,103.7816325
22/11/2022 11:22,0.267602592,1.265029638,103.7816779
22/11/2022 11:23,0.476241901,1.265162983,103.7816839
22/11/2022 11:24,0.378077754,1.265117876,103.7816403
22/11/2022 11:25,0.369330454,1.265084081,103.7815969
22/11/2022 11:26,0.589308855,1.265017088,103.781671
22/11/2022 11:27,0.460043197,1.265055534,103.7817241
22/11/2022 11:28,0.164578834,1.265107026,103.7816445
22/11/2022 11:29,0.355075594,1.265147855,103.7817184
22/11/2022 11:30,0.363174946,1.26510557,103.7817438
22/11/2022 11:31,0.327537797,1.265123925,103.7818044
22/11/2022 11:32,0.388444924,1.265189351,103.7817363
22/11/2022 11:33,0.378401728,1.265098399,103.7816142
22/11/2022 11:34,0.643088553,1.265074842,103.7817016
22/11/2022 11:35,0.31425486,1.264994955,103.7816471
22/11/2022 11:36,0.309071274,1.264924336,103.7815944
22/11/2022 11:37,0.4412527,1.265041733,103.7816711
22/11/2022 11:38,0.548488121,1.265076803,103.7816209
22/11/2022 11:39,0.277969762,1.265082736,103.7816172
22/11/2022 11:40,0.369006479,1.265162477,103.7816109
22/11/2022 11:41,0.376457883,1.26512775,103.7814967
22/11/2022 11:42,0.241684665,1.265115265,103.7815032
22/11/2022 11:43,0.194384449,1.265113783,103.7815126
22/11/2022 11:44,0.222894168,1.265076461,103.7815038
22/11/2022 11:45,0.583801296,1.265113874,103.7815975
22/11/2022 11:46,0.394600432,1.265095556,103.7816344
22/11/2022 11:47,0.225485961,1.265158127,103.7816614
22/11/2022 11:48,0.313282937,1.265172846,103.7817104
22/11/2022 11:49,0.863390929,1.265104078,103.781675
22/11/2022 11:50,0.439308855,1.265027731,103.7816271
22/11/2022 11:51,0.316522678,1.26503083,103.7816726
22/11/2022 11:52,0.229049676,1.265027689,103.7816657
22/11/2022 11:53,0.345356371,1.265080374,103.7816421
22/11/2022 11:54,0.55237581,1.265163751,103.781692
22/11/2022 11:55,0.597084233,1.264977736,103.7817785
22/11/2022 11:56,0.491792657,1.264931074,103.7817988
22/11/2022 11:57,0.295140389,1.264986597,103.7817837
22/11/2022 11:58,0.25075594,1.265028593,103.7817997
22/11/2022 11:59,0.433477322,1.26507791,103.7817791
22/11/2022 12:00,0.490820734,1.265162254,103.7817942
22/11/2022 12:01,0.297084233,1.265201245,103.7818192
22/11/2022 12:02,0.359935205,1.26510456,103.7818414
22/11/2022 12:03,0.770734341,1.264910531,103.7818529
22/11/2022 12:04,0.488552916,1.264812663,103.7817854
22/11/2022 12:05,0.248164147,1.264904095,103.7818169
22/11/2022 12:06,0.344384449,1.264968454,103.781817
22/11/2022 12:07,0.356695464,1.265021909,103.78178
22/11/2022 12:08,0.707559395,1.265279663,103.7817175
22/11/2022 12:09,0.369978402,1.265301479,103.7817363
22/11/2022 12:10,0.620410367,1.265100471,103.7817721
22/11/2022 12:11,0.610367171,1.265115881,103.7816747
22/11/2022 12:12,0.574406048,1.265098088,103.7815678
22/11/2022 12:13,0.974190065,1.264870829,103.781827
22/11/2022 12:14,0.739632829,1.264750494,103.7818466
22/11/2022 12:15,0.357019438,1.264828126,103.7817265
22/11/2022 12:16,0.609395248,1.264971666,103.7816048
22/11/2022 12:17,0.581857451,1.265024673,103.7817592
22/11/2022 12:18,0.261771058,1.265027636,103.7817447
22/11/2022 12:19,0.456155508,1.265106067,103.7816348
22/11/2022 12:20,0.410799136,1.265128641,103.78164
22/11/2022 12:21,0.60161987,1.265126663,103.7814125
22/11/2022 12:22,0.473974082,1.265149364,103.7815546
22/11/2022 12:23,0.327213823,1.265129133,103.7815835
22/11/2022 12:24,0.314902808,1.265126323,103.7816013
22/11/2022 12:25,0.36349892,1.265200204,103.7816677
22/11/2022 12:26,0.494060475,1.265274985,103.7818081
22/11/2022 12:27,0.494708423,1.265324289,103.781945
22/11/2022 12:28,0.367386609,1.265419017,103.7819447
22/11/2022 12:29,0.372894168,1.265527928,103.7819986
22/11/2022 12:30,0.228725702,1.265562203,103.7819715
22/11/2022 12:31,0.464902808,1.26554459,103.781815
22/11/2022 12:32,0.828401728,1.265613084,103.7818415
22/11/2022 12:33,2.538336933,1.266156352,103.7819266
22/11/2022 12:34,5.130453564,1.267304941,103.7817922
22/11/2022 12:35,5.178401728,1.268261398,103.7807505
22/11/2022 12:36,6.319438445,1.267671076,103.7792877
22/11/2022 12:37,8.262311015,1.265913029,103.7780019
22/11/2022 12:38,9.333045356,1.263624882,103.7770091
22/11/2022 12:39,10.23174946,1.260931286,103.7766214
22/11/2022 12:40,10.96425486,1.257955783,103.7767908
22/11/2022 12:41,11.33131749,1.254835572,103.7773416
22/11/2022 12:42,11.24611231,1.251715369,103.7781324
22/11/2022 12:43,11.12883369,1.248711178,103.7790607
22/11/2022 12:44,11.25971922,1.245712066,103.7800367
22/11/2022 12:45,11.17062635,1.242728944,103.7810399
22/11/2022 12:46,11.01317495,1.239854461,103.7819066
22/11/2022 12:47,9.88574514,1.236986044,103.7827226
22/11/2022 12:48,8.416198704,1.234564658,103.7835371
22/11/2022 12:49,7.610475162,1.232492296,103.7844074
22/11/2022 12:50,7.015982721,1.230643837,103.7852444
22/11/2022 12:51,6.483693305,1.228884081,103.7860741
22/11/2022 12:52,6.169114471,1.227352274,103.7869517
22/11/2022 12:53,6.10950324,1.225926263,103.7878035
22/11/2022 12:54,6.125701944,1.224523817,103.7887575
22/11/2022 12:55,5.76511879,1.223136685,103.7896515
22/11/2022 12:56,5.698704104,1.22190466,103.7907761
22/11/2022 12:57,5.510151188,1.220787672,103.7919307
22/11/2022 12:58,5.318358531,1.219768938,103.7930978
22/11/2022 12:59,4.887149028,1.218942886,103.7941784
22/11/2022 13:00,4.947084233,1.217936533,103.7950661
22/11/2022 13:01,5.52699784,1.216848172,103.7961075
22/11/2022 13:02,6.028833693,1.215687926,103.7973121
22/11/2022 13:03,6.652483801,1.214605242,103.7988293
22/11/2022 13:04,7.072030238,1.213461073,103.8004143
22/11/2022 13:05,7.313714903,1.21239055,103.8020207
22/11/2022 13:06,7.309827214,1.211497003,103.803854
22/11/2022 13:07,7.882937365,1.210739551,103.8058086
22/11/2022 13:08,9.379697624,1.209989371,103.8079734
22/11/2022 13:09,10.29524838,1.209265763,103.8105614
22/11/2022 13:10,11.15701944,1.208345322,103.8133392
22/11/2022 13:11,11.48034557,1.207225354,103.816261
22/11/2022 13:12,11.937473,1.206277868,103.8193668
22/11/2022 13:13,12.02591793,1.205543685,103.8225037
22/11/2022 13:14,12.11663067,1.204933083,103.8257728
22/11/2022 13:15,12.23196544,1.204512941,103.8291448
22/11/2022 13:16,12.5899568,1.204098892,103.8324933
22/11/2022 13:17,12.67062635,1.203846833,103.8359711
22/11/2022 13:18,12.72602592,1.203704938,103.8393813
22/11/2022 13:19,13.16144708,1.203952367,103.8429431
22/11/2022 13:20,13.39762419,1.204411733,103.8465554
22/11/2022 13:21,13.56382289,1.205142338,103.8502297
22/11/2022 13:22,13.69308855,1.206123612,103.8538671
22/11/2022 13:23,13.40604752,1.207405969,103.8574021
22/11/2022 13:24,13.34319654,1.208942287,103.8607493
22/11/2022 13:25,13.48444924,1.2107132,103.8639533
22/11/2022 13:26,12.94470842,1.212852506,103.8669739
22/11/2022 13:27,11.6825054,1.215397422,103.8692408
22/11/2022 13:28,10.62019438,1.21811326,103.8707093
22/11/2022 13:29,10.35485961,1.220778382,103.8718826
22/11/2022 13:30,10.46274298,1.223541958,103.8728239
22/11/2022 13:31,10.5437365,1.226453854,103.873591
22/11/2022 13:32,10.73585313,1.229281553,103.8740802
22/11/2022 13:33,10.6937365,1.232204412,103.8747858
22/11/2022 13:34,10.75917927,1.235056358,103.8756593
22/11/2022 13:35,10.7300216,1.237741889,103.8769163
22/11/2022 13:36,10.73941685,1.240252086,103.8785261
22/11/2022 13:37,10.74654428,1.242526635,103.880496
22/11/2022 13:38,11.07764579,1.244517114,103.8828236
22/11/2022 13:39,10.96911447,1.246287155,103.8852771
22/11/2022 13:40,11.21241901,1.247946191,103.8878996
22/11/2022 13:41,11.31965443,1.249586539,103.8905794
22/11/2022 13:42,11.62483801,1.251242626,103.8933127
22/11/2022 13:43,11.53477322,1.253078533,103.8958724
22/11/2022 13:44,11.59276458,1.255286774,103.8981276
22/11/2022 13:45,11.48326134,1.25758592,103.9002979
22/11/2022 13:46,11.50788337,1.259940028,103.9024846
22/11/2022 13:47,11.67699784,1.262263521,103.904894
22/11/2022 13:48,11.83056156,1.264265925,103.9075934
22/11/2022 13:49,11.73887689,1.26607137,103.9103263
22/11/2022 13:50,11.70323974,1.267742486,103.9130473
22/11/2022 13:51,11.7612311,1.269505431,103.9157353
22/11/2022 13:52,11.55064795,1.271427335,103.9184566
22/11/2022 13:53,11.65140389,1.273404225,103.9210218
22/11/2022 13:54,11.70518359,1.275336789,103.9235511
22/11/2022 13:55,11.64265659,1.276964708,103.9263387
22/11/2022 13:56,11.70809935,1.278458352,103.929193
22/11/2022 13:57,11.78131749,1.280021885,103.9320526
22/11/2022 13:58,11.62159827,1.282058042,103.9345936
22/11/2022 13:59,11.58660907,1.283972656,103.9371506
22/11/2022 14:00,11.64816415,1.285384739,103.9400372
22/11/2022 14:01,10.57095032,1.286585975,103.9428834
22/11/2022 14:02,10.19902808,1.287477435,103.945574
22/11/2022 14:03,10.04449244,1.288174763,103.948243
22/11/2022 14:04,10.58196544,1.288675761,103.9510935
22/11/2022 14:05,11.34978402,1.289110521,103.9541007
22/11/2022 14:06,11.10550756,1.289537552,103.9572121
22/11/2022 14:07,10.07948164,1.290036292,103.9600226
22/11/2022 14:08,8.803671706,1.290557414,103.9625478
22/11/2022 14:09,8.09287257,1.291083049,103.9647791
22/11/2022 14:10,7.652267819,1.291605281,103.9668812
22/11/2022 14:11,7.227213823,1.292189575,103.9688519
22/11/2022 14:12,6.263714903,1.292802862,103.9705657
22/11/2022 14:13,5.553887689,1.293419665,103.9720606
22/11/2022 14:14,5.404211663,1.294043772,103.9734282
22/11/2022 14:15,6.733801296,1.294871777,103.9748349
22/11/2022 14:16,8.467386609,1.296171891,103.9764991
22/11/2022 14:17,8.982829374,1.297767118,103.9784079
22/11/2022 14:18,7.453671706,1.299345505,103.9800525
22/11/2022 14:19,6.205399568,1.301083658,103.9808084
22/11/2022 14:20,4.362311015,1.302572799,103.9807994
22/11/2022 14:21,3.744492441,1.303436223,103.98012
22/11/2022 14:22,3.926565875,1.303866547,103.9790599
22/11/2022 14:23,2.907991361,1.304074914,103.9781237
22/11/2022 14:24,2.705183585,1.304089947,103.9773901
22/11/2022 14:25,0.950863931,1.304036637,103.9769102
22/11/2022 14:26,0.876025918,1.304072248,103.9768379
22/11/2022 14:27,1.304967603,1.304198092,103.9770544
22/11/2022 14:28,0.53488121,1.304318526,103.9772536
22/11/2022 14:29,0.398164147,1.304332852,103.9772527
22/11/2022 14:30,0.450323974,1.304344149,103.9773007
22/11/2022 14:31,0.788552916,1.304361015,103.9773556
22/11/2022 14:32,0.599352052,1.304388086,103.9774699
22/11/2022 14:33,0.667710583,1.304331811,103.9775115
22/11/2022 14:34,0.629481641,1.304431581,103.9774319
22/11/2022 14:35,0.40075594,1.30447481,103.9773601
22/11/2022 14:36,0.403023758,1.304567905,103.9773226
22/11/2022 14:37,0.651187905,1.304564055,103.9773589
22/11/2022 14:38,0.397840173,1.304536423,103.9773232
22/11/2022 14:39,0.6087473,1.304470766,103.9773067
22/11/2022 14:40,0.490820734,1.304434359,103.9774122
22/11/2022 14:41,0.222570194,1.304429906,103.9774302
22/11/2022 14:42,0.26825054,1.304413378,103.9774348
22/11/2022 14:43,0.517062635,1.304494909,103.9774173
22/11/2022 14:44,0.389092873,1.304527044,103.9774407
22/11/2022 14:45,0.336933045,1.304501585,103.9774155
22/11/2022 14:46,0.398812095,1.304495549,103.9773686
22/11/2022 14:47,0.374514039,1.304481689,103.9773078
22/11/2022 14:48,0.303887689,1.304436365,103.9773138
22/11/2022 14:49,0.290928726,1.304480084,103.9773368
22/11/2022 14:50,0.217062635,1.304512898,103.9773199
22/11/2022 14:51,0.303239741,1.304550578,103.9773393
22/11/2022 14:52,0.236177106,1.304523012,103.977345
22/11/2022 14:53,0.479805616,1.304462926,103.9772458
22/11/2022 14:54,0.589308855,1.3043928,103.9773011
22/11/2022 14:55,0.462634989,1.304361606,103.9773867
22/11/2022 14:56,0.3174946,1.304344171,103.9773771
22/11/2022 14:57,0.242980562,1.304330738,103.9773863
22/11/2022 14:58,0.546868251,1.304380662,103.9774336
22/11/2022 14:59,0.30161987,1.304423398,103.9773953
22/11/2022 15:00,0.266306695,1.304441501,103.9774411
22/11/2022 15:01,0.395572354,1.304517473,103.9773964
22/11/2022 15:02,0.179805616,1.304498442,103.9773934
22/11/2022 15:03,0.195032397,1.304479946,103.9773803
22/11/2022 15:04,0.507343413,1.304393468,103.9774185
22/11/2022 15:05,0.4587473,1.304368028,103.9773033
22/11/2022 15:06,0.288984881,1.304369267,103.9773582
22/11/2022 15:07,0.181425486,1.30439807,103.9773856
22/11/2022 15:08,0.292548596,1.304397741,103.9773707
22/11/2022 15:09,0.525485961,1.304449525,103.9773111
22/11/2022 15:10,0.198272138,1.304412689,103.9773517
22/11/2022 15:11,0.327213823,1.304463904,103.9773617
22/11/2022 15:12,0.242008639,1.304490375,103.9774023
22/11/2022 15:13,0.255615551,1.304479704,103.9774103
22/11/2022 15:14,0.252699784,1.304483125,103.9773996
22/11/2022 15:15,0.126349892,1.304477372,103.9773908
22/11/2022 15:16,0.300647948,1.304469562,103.9773616
22/11/2022 15:17,0.241684665,1.304478578,103.9773306
22/11/2022 15:18,0.424730022,1.304469773,103.9772903
22/11/2022 15:19,0.49049676,1.304478269,103.9773266
22/11/2022 15:20,0.15712743,1.304502152,103.9773222
22/11/2022 15:21,0.191792657,1.30450554,103.9773116
22/11/2022 15:22,0.420842333,1.304505111,103.9772931
22/11/2022 15:23,0.13574514,1.304480115,103.9772533
22/11/2022 15:24,0.234557235,1.30449623,103.9772702
22/11/2022 15:25,0.244276458,1.304533053,103.9773001
22/11/2022 15:26,0.276025918,1.304547444,103.9773352
22/11/2022 15:27,0.252699784,1.304586797,103.9773623
22/11/2022 15:28,0.246544276,1.304582319,103.9773551
22/11/2022 15:29,0.235853132,1.30453657,103.9773335
22/11/2022 15:30,0.292224622,1.304539245,103.9773194
22/11/2022 15:31,0.299676026,1.304523009,103.9772991
22/11/2022 15:32,0.429589633,1.3045238,103.9773716
22/11/2022 15:33,0.382289417,1.304515046,103.9774224
22/11/2022 15:34,0.334665227,1.304597899,103.9773131
22/11/2022 15:35,0.307775378,1.304600493,103.9773013
22/11/2022 15:36,0.257883369,1.304593168,103.9773082
22/11/2022 15:37,0.187904968,1.304587369,103.9773121
22/11/2022 15:38,0.138660907,1.304579882,103.9772881
22/11/2022 15:39,0.374838013,1.304553617,103.9773604
22/11/2022 15:40,0.243952484,1.304518635,103.9773682
22/11/2022 15:41,0.275701944,1.304488867,103.9773584
22/11/2022 15:42,0.251079914,1.304500157,103.9773719
22/11/2022 15:43,0.354427646,1.304495902,103.9773752
22/11/2022 15:44,0.478185745,1.304489738,103.9772697
22/11/2022 15:45,0.57537797,1.304527926,103.9772821
22/11/2022 15:46,0.561771058,1.304539728,103.9772875
22/11/2022 15:47,0.236825054,1.304525054,103.9773302
22/11/2022 15:48,0.288336933,1.30452017,103.9773524
22/11/2022 15:49,0.326241901,1.304501162,103.9772859
22/11/2022 15:50,0.321058315,1.304538108,103.9772957
22/11/2022 15:51,0.493088553,1.304550929,103.9773243
22/11/2022 15:52,0.272786177,1.304560802,103.9772943
22/11/2022 15:53,0.163606911,1.304568201,103.9773185
22/11/2022 15:54,0.195032397,1.304596091,103.9773361
22/11/2022 15:55,0.355399568,1.304611216,103.9773825
22/11/2022 15:56,0.309395248,1.304606247,103.9774102
22/11/2022 15:57,0.198920086,1.304594632,103.9774232
22/11/2022 15:58,0.420194384,1.3045976,103.9773768
22/11/2022 15:59,0.176889849,1.304562264,103.9773721
22/11/2022 16:00,0.123110151,1.304565637,103.9773591
22/11/2022 16:01,0.366090713,1.304631889,103.9773299
22/11/2022 16:02,0.178833693,1.304653929,103.977338
22/11/2022 16:03,0.417278618,1.304644974,103.9773067
22/11/2022 16:04,0.231641469,1.304661904,103.9773076
22/11/2022 16:05,0.539092873,1.304662524,103.9773559
22/11/2022 16:06,0.236825054,1.304635511,103.9773498
22/11/2022 16:07,0.309071274,1.304658184,103.9773653
22/11/2022 16:08,0.225809935,1.304655903,103.9773789
22/11/2022 16:09,0.379049676,1.304676156,103.9774063
22/11/2022 16:10,0.186609071,1.304659552,103.9773865
22/11/2022 16:11,0.134449244,1.304668219,103.977388
22/11/2022 16:12,0.162311015,1.304677705,103.9773721
22/11/2022 16:13,0.264038877,1.304695725,103.9773511
22/11/2022 16:14,0.193088553,1.304696013,103.9773221
22/11/2022 16:15,0.438660907,1.304684974,103.9773006
22/11/2022 16:16,0.40399568,1.304668163,103.9772843
22/11/2022 16:17,0.228077754,1.304694246,103.9772699
22/11/2022 16:18,0.269546436,1.304696994,103.9772838
22/11/2022 16:19,0.371598272,1.304689854,103.9773811
22/11/2022 16:20,0.368034557,1.304673646,103.977377
22/11/2022 16:21,0.599352052,1.304767311,103.9772945
22/11/2022 16:22,0.179481641,1.304774135,103.9773099
22/11/2022 16:23,0.295464363,1.304768817,103.977327
22/11/2022 16:24,0.278617711,1.30470368,103.9773258
22/11/2022 16:25,0.264686825,1.304679633,103.9773219
22/11/2022 16:26,0.343412527,1.304667373,103.9773277
22/11/2022 16:27,0.430885529,1.304634766,103.9773141
22/11/2022 16:28,0.305183585,1.304648951,103.9773288
22/11/2022 16:29,0.28574514,1.30465897,103.9773808
22/11/2022 16:30,0.368682505,1.304651689,103.9773949
22/11/2022 16:31,0.415982721,1.304648745,103.9773937
22/11/2022 16:32,0.503779698,1.30462266,103.9773575
22/11/2022 16:33,0.402699784,1.30462858,103.9773721
22/11/2022 16:34,0.26663067,1.304667852,103.9773841
22/11/2022 16:35,0.357343413,1.304660462,103.9773828
22/11/2022 16:36,0.403347732,1.30461279,103.9774029
22/11/2022 16:37,0.387149028,1.304627121,103.9773075
22/11/2022 16:38,0.107235421,1.304648648,103.977279
22/11/2022 16:39,0.26987041,1.304648325,103.9773041
22/11/2022 16:40,0.315550756,1.304675286,103.9773418
22/11/2022 16:41,0.341792657,1.304676227,103.9773869
22/11/2022 16:42,0.224190065,1.30466343,103.9773634
22/11/2022 16:43,0.235529158,1.304650425,103.9773444
22/11/2022 16:44,0.392980562,1.304603058,103.9773469
22/11/2022 16:45,0.535205184,1.30457673,103.9773438
22/11/2022 16:46,0.614902808,1.304618206,103.9773134
22/11/2022 16:47,0.398164147,1.304633829,103.977347
22/11/2022 16:48,0.361231102,1.304617604,103.9773915
22/11/2022 16:49,0.399136069,1.304557906,103.9774246
22/11/2022 16:50,0.314902808,1.304533428,103.9774416
22/11/2022 16:51,0.325269978,1.304550556,103.9774034
22/11/2022 16:52,0.420518359,1.304567792,103.977327
22/11/2022 16:53,0.213822894,1.304569262,103.9773615
22/11/2022 16:54,0.421814255,1.304592264,103.9774256
22/11/2022 16:55,0.354427646,1.304575084,103.9774228
22/11/2022 16:56,0.186609071,1.304581177,103.9774109
22/11/2022 16:57,0.148704104,1.304559194,103.9774022
22/11/2022 16:58,0.244276458,1.304545127,103.9774146
22/11/2022 16:59,0.309719222,1.304561256,103.9773981
22/11/2022 17:00,0.366738661,1.304571233,103.9773942
22/11/2022 17:01,0.378401728,1.30458682,103.9773784
22/11/2022 17:02,0.341792657,1.304591479,103.977354
22/11/2022 17:03,0.36349892,1.304540619,103.9774448
22/11/2022 17:04,0.401079914,1.304533824,103.977352
22/11/2022 17:05,0.477861771,1.304576234,103.9773116
22/11/2022 17:06,0.477213823,1.304578256,103.9773674
22/11/2022 17:07,0.39362851,1.304589606,103.9773707
22/11/2022 17:08,0.244924406,1.304590725,103.9774118
22/11/2022 17:09,0.340172786,1.304572113,103.9774167
22/11/2022 17:10,0.382937365,1.30455574,103.9774195
22/11/2022 17:11,0.463930886,1.304534014,103.9774405
22/11/2022 17:12,0.871814255,1.304454147,103.9773972
22/11/2022 17:13,0.55399568,1.304505883,103.9773419
22/11/2022 17:14,0.410799136,1.304545059,103.9774073
22/11/2022 17:15,0.534557235,1.304509855,103.9773859
22/11/2022 17:16,0.400107991,1.304547934,103.9774369
22/11/2022 17:17,0.445464363,1.304537848,103.9774209
22/11/2022 17:18,0.270194384,1.304551533,103.9773351
22/11/2022 17:19,0.239092873,1.304537388,103.9773664
22/11/2022 17:20,0.365442765,1.304535047,103.9773616
22/11/2022 17:21,0.59287257,1.304524173,103.9773341
22/11/2022 17:22,0.344384449,1.304557827,103.9773475
22/11/2022 17:23,0.257235421,1.30461166,103.9773208
22/11/2022 17:24,0.421166307,1.304638176,103.9773091
22/11/2022 17:25,0.511231102,1.304604791,103.9773214
22/11/2022 17:26,0.499892009,1.304614922,103.9773589
22/11/2022 17:27,0.613606911,1.304566024,103.9774047
22/11/2022 17:28,0.288984881,1.304492481,103.9774102
22/11/2022 17:29,0.414038877,1.304530255,103.977412
22/11/2022 17:30,0.558207343,1.304525149,103.9773629
22/11/2022 17:31,0.276349892,1.304515155,103.9773947
22/11/2022 17:32,0.367386609,1.304533636,103.9774241
22/11/2022 17:33,0.246544276,1.304566051,103.9773479
22/11/2022 17:34,0.397840173,1.304624165,103.9772903
22/11/2022 17:35,0.351511879,1.304713876,103.9772366
22/11/2022 17:36,0.433477322,1.304739931,103.9772245
22/11/2022 17:37,0.394276458,1.304725269,103.9772779
22/11/2022 17:38,0.369978402,1.304738361,103.9773057
22/11/2022 17:39,0.351511879,1.304757444,103.9772742
22/11/2022 17:40,0.397840173,1.304799015,103.9771998
22/11/2022 17:41,0.385529158,1.304801523,103.9771857
22/11/2022 17:42,0.259179266,1.304745018,103.9772027
22/11/2022 17:43,0.247516199,1.304751748,103.9772061
22/11/2022 17:44,0.286393089,1.304766066,103.977204
22/11/2022 17:45,0.509935205,1.304749436,103.977276
22/11/2022 17:46,0.386825054,1.304753817,103.9772459
22/11/2022 17:47,0.411447084,1.304758943,103.9772236
22/11/2022 17:48,0.25237581,1.30475734,103.9772242
22/11/2022 17:49,0.242980562,1.304753479,103.9772707
22/11/2022 17:50,0.484341253,1.30472743,103.9772739
22/11/2022 17:51,0.540064795,1.304747807,103.9772593
22/11/2022 17:52,0.343412527,1.304748995,103.9772161
22/11/2022 17:53,0.355723542,1.304780987,103.977187
22/11/2022 17:54,0.312634989,1.304745871,103.9772466
22/11/2022 17:55,0.376781857,1.30468054,103.9772547
22/11/2022 17:56,0.472678186,1.304609572,103.9773394
22/11/2022 17:57,0.526457883,1.304584117,103.9773499
22/11/2022 17:58,0.25399568,1.304581867,103.9773504
22/11/2022 17:59,0.201835853,1.30457718,103.9773658
22/11/2022 18:00,0.30161987,1.304584412,103.9773527
22/11/2022 18:01,0.322030238,1.304650686,103.9773315
22/11/2022 18:02,0.240712743,1.3046818,103.9773273
22/11/2022 18:03,0.458099352,1.30471744,103.9773046
22/11/2022 18:04,0.471382289,1.304718327,103.9772481
22/11/2022 18:05,0.281857451,1.304762835,103.9772227
22/11/2022 18:06,0.351835853,1.304775612,103.9771676
22/11/2022 18:07,0.558207343,1.304805508,103.9771479
22/11/2022 18:08,0.294168467,1.304808349,103.9771476
22/11/2022 18:09,0.373542117,1.304848463,103.9770937
22/11/2022 18:10,0.407235421,1.304857823,103.9770563
22/11/2022 18:11,0.429589633,1.304870791,103.9770656
22/11/2022 18:12,0.463930886,1.304891494,103.9770594
22/11/2022 18:13,0.579913607,1.304816387,103.9771352
22/11/2022 18:14,0.496652268,1.304768898,103.9772625
22/11/2022 18:15,0.494384449,1.304713655,103.9773037
22/11/2022 18:16,0.656695464,1.304674899,103.9772758
22/11/2022 18:17,0.235853132,1.304626141,103.9772925
22/11/2022 18:18,0.381641469,1.304576356,103.9773594
22/11/2022 18:19,0.430561555,1.304548797,103.977392
22/11/2022 18:20,0.331425486,1.304550752,103.9774041
22/11/2022 18:21,0.396544276,1.304535596,103.9774041
22/11/2022 18:22,0.739308855,1.304574512,103.9773268
22/11/2022 18:23,0.404319654,1.304613334,103.977282
22/11/2022 18:24,0.429913607,1.304656142,103.9772294
22/11/2022 18:25,0.400431965,1.304635568,103.9771851
22/11/2022 18:26,0.598704104,1.304616671,103.9770779
22/11/2022 18:27,0.990712743,1.304558375,103.9768261
22/11/2022 18:28,0.714362851,1.30445699,103.9767128
22/11/2022 18:29,0.93336933,1.304322409,103.9765512
22/11/2022 18:30,1.282289417,1.30412602,103.9763973
22/11/2022 18:31,2.291792657,1.303785043,103.9760372
22/11/2022 18:32,4.066846652,1.303201165,103.9752831
22/11/2022 18:33,5.385421166,1.302547769,103.9740789
22/11/2022 18:34,7.372030238,1.301890883,103.9723374
22/11/2022 18:35,8.561663067,1.301024225,103.9702554
22/11/2022 18:36,9.437041037,1.299840487,103.9680755
22/11/2022 18:37,9.694276458,1.298339451,103.9658675
22/11/2022 18:38,9.745464363,1.296567437,103.9638396
22/11/2022 18:39,9.943412527,1.294676044,103.961835
22/11/2022 18:40,9.574082073,1.29289381,103.9597851
22/11/2022 18:41,9.255291577,1.292097614,103.9573334
22/11/2022 18:42,9.530669546,1.292015659,103.954659
22/11/2022 18:43,9.653779698,1.292022887,103.9519676
22/11/2022 18:44,9.448704104,1.29186637,103.9493227
22/11/2022 18:45,8.249028078,1.29148931,103.9468657
22/11/2022 18:46,7.770518359,1.291038065,103.9446233
22/11/2022 18:47,6.782397408,1.290676971,103.9426872
22/11/2022 18:48,6.269546436,1.290590962,103.9408573
22/11/2022 18:49,5.43012959,1.290556291,103.9392614
22/11/2022 18:50,4.731965443,1.290571169,103.9378999
22/11/2022 18:51,4.072030238,1.290590657,103.9366689
22/11/2022 18:52,2.449568035,1.290511931,103.9357358
22/11/2022 18:53,0.648596112,1.290484985,103.9354121
22/11/2022 18:54,0.689740821,1.290486308,103.93519
22/11/2022 18:55,1.073326134,1.290569567,103.9351715
22/11/2022 18:56,0.70950324,1.290450968,103.9350886
22/11/2022 18:57,0.460367171,1.290387218,103.935055
22/11/2022 18:58,0.426025918,1.290363155,103.9350242
22/11/2022 18:59,0.41987041,1.290287225,103.9349994
22/11/2022 19:00,0.42537797,1.29025758,103.935031
22/11/2022 19:01,0.622354212,1.290201082,103.9351085
22/11/2022 19:02,0.346652268,1.2901727,103.9351702
22/11/2022 19:03,0.513174946,1.290210022,103.9351922
22/11/2022 19:04,0.64049676,1.290365384,103.9352684
22/11/2022 19:05,0.692332613,1.290413255,103.9352787
22/11/2022 19:06,0.53650108,1.290459769,103.9352862
22/11/2022 19:07,0.732181425,1.29048882,103.9353526
22/11/2022 19:08,0.565010799,1.290487599,103.9353478
22/11/2022 19:09,0.471382289,1.290538214,103.9355966
22/11/2022 19:10,0.273758099,1.290560897,103.9356278
22/11/2022 19:11,0.621058315,1.290463744,103.9355589
22/11/2022 19:12,1.041576674,1.290168265,103.9355636
22/11/2022 19:13,0.842332613,1.289881766,103.935506
22/11/2022 19:14,0.837473002,1.289693439,103.9355299
22/11/2022 19:15,0.633693305,1.289547044,103.9357005
22/11/2022 19:16,0.823866091,1.289415436,103.9357519
22/11/2022 19:17,0.689416847,1.289341202,103.9358693
22/11/2022 19:18,0.48336933,1.289196878,103.9358479
22/11/2022 19:19,0.523218143,1.289049098,103.9359129
22/11/2022 19:20,0.452591793,1.288987564,103.9358264
22/11/2022 19:21,0.48887689,1.288904474,103.9359513
22/11/2022 19:22,0.403671706,1.288883534,103.936022
22/11/2022 19:23,0.371598272,1.288829183,103.9360759
22/11/2022 19:24,0.542656587,1.288756447,103.9361985
22/11/2022 19:25,0.327213823,1.288750885,103.936311
22/11/2022 19:26,0.36187905,1.288794259,103.9363726
22/11/2022 19:27,0.503779698,1.288826557,103.9365229
22/11/2022 19:28,0.350539957,1.288931567,103.9365222
22/11/2022 19:29,0.337580994,1.28894558,103.9365706
22/11/2022 19:30,0.248488121,1.288926402,103.9366254
22/11/2022 19:31,0.367710583,1.288903908,103.9365981
22/11/2022 19:32,0.405291577,1.288863045,103.9366288
22/11/2022 19:33,0.214146868,1.288838269,103.9366331
22/11/2022 19:34,0.169438445,1.288834468,103.9366687
22/11/2022 19:35,0.192116631,1.288828483,103.9366712
22/11/2022 19:36,0.195356371,1.288844068,103.936727
22/11/2022 19:37,0.350863931,1.28885087,103.9366947
22/11/2022 19:38,0.423434125,1.288851666,103.9366498
22/11/2022 19:39,0.304535637,1.288931142,103.9366571
22/11/2022 19:40,0.390064795,1.28892977,103.9366098
22/11/2022 19:41,0.366090713,1.288846144,103.9364602
22/11/2022 19:42,0.255291577,1.288831223,103.9364129
22/11/2022 19:43,0.335313175,1.288832434,103.9363831
22/11/2022 19:44,0.191468683,1.288850807,103.9363797
22/11/2022 19:45,0.34762419,1.288932838,103.9363759
22/11/2022 19:46,0.343412527,1.288973633,103.9363298
22/11/2022 19:47,0.294168467,1.288991654,103.9363231
22/11/2022 19:48,0.460367171,1.289090503,103.9363144
22/11/2022 19:49,0.270194384,1.289105677,103.9363389
22/11/2022 19:50,0.247840173,1.289177249,103.9363948
22/11/2022 19:51,0.376457883,1.289240061,103.9364059
22/11/2022 19:52,0.72537797,1.289293852,103.9363155
22/11/2022 19:53,0.396544276,1.289332496,103.9362528
22/11/2022 19:54,0.169114471,1.289377289,103.9362501
22/11/2022 19:55,0.57537797,1.289437052,103.9361971
22/11/2022 19:56,0.270842333,1.289459768,103.9361262
22/11/2022 19:57,0.121166307,1.289528013,103.9361156
22/11/2022 19:58,0.251403888,1.289544808,103.9360884
22/11/2022 19:59,0.648596112,1.289547635,103.936
22/11/2022 20:00,0.195356371,1.28955096,103.9359408
22/11/2022 20:01,0.593520518,1.289653978,103.9359274
22/11/2022 20:02,0.959611231,1.289625492,103.9357698
22/11/2022 20:03,0.113390929,1.289563062,103.9358298
22/11/2022 20:04,0.469438445,1.289549017,103.9358567
22/11/2022 20:05,1.023110151,1.289554556,103.9357871
22/11/2022 20:06,0.796328294,1.289503383,103.9358148
22/11/2022 20:07,0.678725702,1.289509481,103.9357316
22/11/2022 20:08,0.336609071,1.289531144,103.9356628
22/11/2022 20:09,0.378401728,1.289568794,103.9358592
22/11/2022 20:10,0.191792657,1.28956355,103.9358741
22/11/2022 20:11,0.332397408,1.289515949,103.9358532
22/11/2022 20:12,0.55237581,1.289497583,103.9358113
22/11/2022 20:13,0.436393089,1.289464522,103.9358201
22/11/2022 20:14,0.381965443,1.289402138,103.9358091
22/11/2022 20:15,0.577969762,1.289441611,103.9358396
22/11/2022 20:16,0.540712743,1.289469564,103.9359822
22/11/2022 20:17,0.49924406,1.289522801,103.9358454
22/11/2022 20:18,0.491144708,1.289525823,103.9358691
22/11/2022 20:19,0.60161987,1.289521844,103.93592
22/11/2022 20:20,0.381317495,1.289525777,103.9359015
22/11/2022 20:21,0.389416847,1.289571617,103.935948
22/11/2022 20:22,0.53812095,1.289563039,103.9359876
22/11/2022 20:23,0.912958963,1.289489169,103.9361234
22/11/2022 20:24,0.670950324,1.289446612,103.9361735
22/11/2022 20:25,0.509287257,1.289571652,103.9360793
22/11/2022 20:26,0.627861771,1.289561323,103.9360345
22/11/2022 20:27,0.375809935,1.289590573,103.9360176
22/11/2022 20:28,0.477537797,1.289524356,103.9360441
22/11/2022 20:29,0.99362851,1.289435621,103.936124
22/11/2022 20:30,0.369654428,1.289568608,103.9360327
22/11/2022 20:31,0.408207343,1.289585843,103.9360343
22/11/2022 20:32,0.160691145,1.289563588,103.9359911
22/11/2022 20:33,0.480453564,1.289585767,103.935978
22/11/2022 20:34,0.412095032,1.289593758,103.9360525
22/11/2022 20:35,0.427645788,1.289666456,103.9359464
22/11/2022 20:36,0.23650108,1.289658559,103.9360359
22/11/2022 20:37,0.481101512,1.28962408,103.9360324
22/11/2022 20:38,0.39524838,1.289602445,103.9360062
22/11/2022 20:39,0.713714903,1.289614759,103.93597
22/11/2022 20:40,0.392008639,1.289721103,103.9358914
22/11/2022 20:41,0.537796976,1.28964619,103.9359271
22/11/2022 20:42,0.803131749,1.289476643,103.9360989
22/11/2022 20:43,0.605183585,1.289513651,103.9360061
22/11/2022 20:44,0.440280778,1.289476963,103.9361
22/11/2022 20:45,0.497948164,1.289391395,103.9360759
22/11/2022 20:46,0.542980562,1.289529395,103.9359527
22/11/2022 20:47,0.994600432,1.289526831,103.9360099
22/11/2022 20:48,0.752591793,1.289514588,103.9360404
22/11/2022 20:49,0.51187905,1.289447807,103.9361342
22/11/2022 20:50,0.758423326,1.289275745,103.9363505
22/11/2022 20:51,0.83488121,1.289121702,103.936513
22/11/2022 20:52,0.571814255,1.289211592,103.9365354
22/11/2022 20:53,0.629481641,1.28929244,103.936381
22/11/2022 20:54,0.464578834,1.289387953,103.9363102
22/11/2022 20:55,0.4325054,1.289460716,103.9362809
22/11/2022 20:56,0.353779698,1.289436251,103.9362463
22/11/2022 20:57,1.391792657,1.289226258,103.936409
22/11/2022 20:58,0.820950324,1.289149061,103.9365278
22/11/2022 20:59,0.608423326,1.289380883,103.9362963
22/11/2022 21:00,0.522570194,1.289355199,103.9363164
22/11/2022 21:01,0.692332613,1.289256339,103.9364778
22/11/2022 21:02,0.446436285,1.28923127,103.936422
22/11/2022 21:03,0.287365011,1.289236178,103.9364346
22/11/2022 21:04,0.490172786,1.289213929,103.9364729
22/11/2022 21:05,0.246868251,1.289228684,103.9364532
22/11/2022 21:06,0.257559395,1.289278541,103.9364364
22/11/2022 21:07,0.296760259,1.289315475,103.9364519
22/11/2022 21:08,0.284773218,1.289332023,103.9363442
22/11/2022 21:09,0.395896328,1.289306547,103.936367
22/11/2022 21:10,0.210907127,1.289333447,103.9363857
22/11/2022 21:11,0.193412527,1.289322673,103.9364692
22/11/2022 21:12,0.331101512,1.289294387,103.9365056
22/11/2022 21:13,0.434773218,1.28925099,103.9365083
22/11/2022 21:14,0.385853132,1.289280624,103.9364428
22/11/2022 21:15,0.385529158,1.289272487,103.9364085
22/11/2022 21:16,0.316522678,1.289251341,103.9364111
22/11/2022 21:17,0.522570194,1.289254139,103.9364735
22/11/2022 21:18,0.548812095,1.289143535,103.9365209
22/11/2022 21:19,0.46587473,1.289104139,103.9365232
22/11/2022 21:20,0.351187905,1.289207341,103.9364939
22/11/2022 21:21,0.351835853,1.289187112,103.9365013
22/11/2022 21:22,0.398812095,1.289048399,103.9364865
22/11/2022 21:23,0.485637149,1.289051163,103.9365884
22/11/2022 21:24,0.250431965,1.289040466,103.9366865
22/11/2022 21:25,0.397516199,1.289023895,103.9366872
22/11/2022 21:26,0.571490281,1.288976353,103.9366115
22/11/2022 21:27,0.433477322,1.288935437,103.9365841
22/11/2022 21:28,0.199568035,1.288906927,103.9365711
22/11/2022 21:29,0.366414687,1.288876344,103.9365586
22/11/2022 21:30,0.453239741,1.288789547,103.9365926
22/11/2022 21:31,0.32300216,1.288806505,103.9365919
22/11/2022 21:32,0.31587473,1.288900075,103.9366707
22/11/2022 21:33,0.238444924,1.288847112,103.9366379
22/11/2022 21:34,0.162634989,1.288815394,103.9366326
22/11/2022 21:35,0.354103672,1.288769452,103.9366597
22/11/2022 21:36,0.201835853,1.288803714,103.93665
22/11/2022 21:37,0.233909287,1.288763103,103.936645
22/11/2022 21:38,0.288012959,1.288755631,103.9366276
22/11/2022 21:39,0.576349892,1.288740718,103.9366763
22/11/2022 21:40,0.566306695,1.288654873,103.9368312
22/11/2022 21:41,0.162958963,1.288645873,103.9368699
22/11/2022 21:42,0.420518359,1.288638119,103.9367786
22/11/2022 21:43,0.218682505,1.288657949,103.9366981
22/11/2022 21:44,0.080021598,1.288653089,103.9367088
22/11/2022 21:45,0.27537797,1.288650422,103.9366811
22/11/2022 21:46,0.579913607,1.28857628,103.9367079
22/11/2022 21:47,0.256587473,1.288477122,103.9368138
22/11/2022 21:48,0.300647948,1.288493612,103.936758
22/11/2022 21:49,0.507019438,1.288483498,103.9367508
22/11/2022 21:50,0.257235421,1.288420145,103.9366964
22/11/2022 21:51,0.385529158,1.288373391,103.9367609
22/11/2022 21:52,0.467170626,1.288409036,103.9368059
22/11/2022 21:53,0.450647948,1.288356768,103.9368517
22/11/2022 21:54,0.306155508,1.288297437,103.9368502
22/11/2022 21:55,0.166522678,1.288259344,103.9368325
22/11/2022 21:56,0.346976242,1.288290351,103.9368023
22/11/2022 21:57,0.542980562,1.28834992,103.9368751
22/11/2022 21:58,0.297084233,1.288316978,103.9367664
22/11/2022 21:59,0.438336933,1.288313063,103.9368093
22/11/2022 22:00,0.238444924,1.288326167,103.9368497
22/11/2022 22:01,0.34924406,1.288272677,103.9367771
22/11/2022 22:02,0.171382289,1.288213974,103.9367762
22/11/2022 22:03,0.433477322,1.2882362,103.936738
22/11/2022 22:04,0.408855292,1.288338966,103.936779
22/11/2022 22:05,0.449676026,1.288312239,103.9367374
22/11/2022 22:06,0.704319654,1.288422055,103.9365616
22/11/2022 22:07,0.495032397,1.288444835,103.9365603
22/11/2022 22:08,0.553347732,1.288445875,103.9366418
22/11/2022 22:09,0.335637149,1.288488399,103.9366955
22/11/2022 22:10,0.440928726,1.288524229,103.9366211
22/11/2022 22:11,0.283477322,1.288506236,103.9365845
22/11/2022 22:12,0.545572354,1.288527127,103.9365952
22/11/2022 22:13,0.439308855,1.288575722,103.936601
22/11/2022 22:14,0.314578834,1.288543217,103.9366734
22/11/2022 22:15,0.487580994,1.288571818,103.936711
22/11/2022 22:16,0.387796976,1.288623225,103.936664
22/11/2022 22:17,0.413714903,1.288632819,103.9366775
22/11/2022 22:18,0.463282937,1.288699531,103.9366653
22/11/2022 22:19,0.262419006,1.288779345,103.936608
22/11/2022 22:20,0.172354212,1.288781884,103.9366157
22/11/2022 22:21,0.525161987,1.288792785,103.9367165
22/11/2022 22:22,0.373866091,1.288780834,103.9366534
22/11/2022 22:23,0.413390929,1.288850324,103.9366282
22/11/2022 22:24,0.178509719,1.288888171,103.9366181
22/11/2022 22:25,0.062850972,1.288888234,103.9366054
22/11/2022 22:26,0.131209503,1.288899243,103.9365899
22/11/2022 22:27,0.22062635,1.288929615,103.9365641
22/11/2022 22:28,0.161663067,1.28895208,103.936568
22/11/2022 22:29,0.158099352,1.288934563,103.936566
22/11/2022 22:30,0.112095032,1.288906801,103.9365738
22/11/2022 22:31,0.204427646,1.288918775,103.936599
22/11/2022 22:32,0.197300216,1.288927185,103.9366256
22/11/2022 22:33,0.73574514,1.288842321,103.9366804
22/11/2022 22:34,0.38812095,1.288730186,103.9366691
22/11/2022 22:35,0.427645788,1.288779494,103.9366789
22/11/2022 22:36,0.263714903,1.288765657,103.9367064
22/11/2022 22:37,0.129589633,1.288796127,103.9366862
22/11/2022 22:38,0.464902808,1.288809712,103.9366547
22/11/2022 22:39,0.359935205,1.288789206,103.9366549
22/11/2022 22:40,0.320410367,1.288945992,103.9365932
22/11/2022 22:41,0.141900648,1.288936639,103.9366053
22/11/2022 22:42,0.107235421,1.288943623,103.9366178
22/11/2022 22:43,0.312634989,1.288972193,103.936599
22/11/2022 22:44,0.405615551,1.288994617,103.936645
22/11/2022 22:45,0.376133909,1.288864164,103.9366664
22/11/2022 22:46,0.317170626,1.288956029,103.936628
22/11/2022 22:47,0.469114471,1.288964622,103.9365368
22/11/2022 22:48,0.541036717,1.288808674,103.9365402
22/11/2022 22:49,0.310043197,1.288679611,103.9365724
22/11/2022 22:50,0.242980562,1.288715317,103.9365017
22/11/2022 22:51,0.472354212,1.288794119,103.9365247
22/11/2022 22:52,0.482397408,1.288771994,103.9365384
22/11/2022 22:53,0.38812095,1.288741176,103.9365219
22/11/2022 22:54,0.397516199,1.28872957,103.9364556
22/11/2022 22:55,0.398812095,1.288668937,103.9364121
22/11/2022 22:56,0.414038877,1.288609453,103.9364911
22/11/2022 22:57,0.262419006,1.288577475,103.936522
22/11/2022 22:58,0.509935205,1.28869879,103.9366126
22/11/2022 22:59,0.184989201,1.288779326,103.9367078
22/11/2022 23:00,0.450323974,1.288826994,103.936665
22/11/2022 23:01,0.196328294,1.288922601,103.9366791
22/11/2022 23:02,0.121490281,1.288896923,103.9366791
22/11/2022 23:03,0.235205184,1.288851421,103.9366686
22/11/2022 23:04,0.326889849,1.288809225,103.9366169
22/11/2022 23:05,0.351835853,1.288761367,103.9365894
22/11/2022 23:06,0.221922246,1.288817267,103.9365603
22/11/2022 23:07,0.732181425,1.288947147,103.9365253
22/11/2022 23:08,0.670302376,1.288908457,103.9365965
22/11/2022 23:09,0.297084233,1.288821106,103.9366214
22/11/2022 23:10,0.34049676,1.28891082,103.9365789
22/11/2022 23:11,0.563066955,1.289033332,103.9365867
22/11/2022 23:12,0.233261339,1.289114618,103.9365203
22/11/2022 23:13,0.484989201,1.289030156,103.9366026
22/11/2022 23:14,0.48336933,1.289041373,103.9365339
22/11/2022 23:15,0.3,1.28902953,103.936477
22/11/2022 23:16,0.043088553,1.289043194,103.9364641
22/11/2022 23:17,0.207343413,1.289060299,103.9364842
22/11/2022 23:18,0.226133909,1.28912988,103.9365043
22/11/2022 23:19,0.171706263,1.289135269,103.9365081
22/11/2022 23:20,0.18174946,1.289241785,103.9365006
22/11/2022 23:21,0.07937365,1.28924587,103.9365101
22/11/2022 23:22,0.215442765,1.289234548,103.9365468
22/11/2022 23:23,0.166198704,1.289196353,103.9365454
22/11/2022 23:24,0.275053996,1.289173995,103.9365365
22/11/2022 23:25,0.470734341,1.289234419,103.9364494
22/11/2022 23:26,0.342440605,1.28919028,103.9364644
22/11/2022 23:27,0.350539957,1.289152922,103.9365409
22/11/2022 23:28,0.278293737,1.289137583,103.9365433
22/11/2022 23:29,0.245572354,1.289098807,103.9365891
22/11/2022 23:30,0.406587473,1.289083849,103.9365197
22/11/2022 23:31,0.534557235,1.289123223,103.9364084
22/11/2022 23:32,0.327213823,1.289185051,103.9363571
22/11/2022 23:33,0.552699784,1.289208265,103.9364259
22/11/2022 23:34,0.44287257,1.289193777,103.9364593
22/11/2022 23:35,0.385853132,1.289302723,103.9365309
22/11/2022 23:36,0.696868251,1.289313108,103.9364629
22/11/2022 23:37,0.293520518,1.289259674,103.9364352
22/11/2022 23:38,0.552051836,1.289138045,103.936487
22/11/2022 23:39,0.445140389,1.289145078,103.9363933
22/11/2022 23:40,0.217062635,1.289245479,103.9363515
22/11/2022 23:41,0.286069114,1.289257633,103.9363881
22/11/2022 23:42,0.10399568,1.289252267,103.9364022
22/11/2022 23:43,0.273758099,1.289285842,103.9364312
22/11/2022 23:44,0.357991361,1.289398583,103.9365266
22/11/2022 23:45,0.237149028,1.28943597,103.9365066
22/11/2022 23:46,0.462634989,1.289422924,103.9363649
22/11/2022 23:47,0.31587473,1.289369623,103.9363227
22/11/2022 23:48,0.21349892,1.289374374,103.9363364
22/11/2022 23:49,0.523542117,1.289334735,103.9363748
22/11/2022 23:50,0.430885529,1.289295457,103.9364196
22/11/2022 23:51,0.424730022,1.289299328,103.9363811
22/11/2022 23:52,0.697192225,1.289172664,103.9363424
22/11/2022 23:53,0.31425486,1.289230073,103.9363215
22/11/2022 23:54,0.487904968,1.289268539,103.936329
22/11/2022 23:55,0.520302376,1.289338651,103.9363468
22/11/2022 23:56,0.367386609,1.289212872,103.9364371
22/11/2022 23:57,0.229697624,1.289207633,103.9363777
22/11/2022 23:58,0.134773218,1.289206984,103.9363699
22/11/2022 23:59,0.406911447,1.289194099,103.9364489
