Time,RPM,Speed
12:00:00,0,0.187257019
12:01:00,0,0.12537797
12:02:00,0,0.147084233
12:03:00,0,0.187580994
12:04:00,0,0.121814255
12:05:00,0,0.144492441
12:06:00,0,0.131209503
12:07:00,0,0.137365011
12:08:00,0,0.14287257
12:09:00,0,0.364470842
12:10:00,0,0.252699784
12:11:00,0,0.13412527
12:12:00,0,0.169114471
12:13:00,0,0.230021598
12:14:00,0,0.159719222
12:15:00,0,0.144168467
12:16:00,0,0.079697624
12:17:00,0,0.073218143
12:18:00,0,0.160367171
12:19:00,0,0.458423326
12:20:00,0,0.14287257
12:21:00,0,0.162958963
12:22:00,0,0.329481641
12:23:00,0,0.160691145
12:24:00,0,0.232289417
12:25:00,0,0.196328294
12:26:00,0,0.305183585
12:27:00,0,0.32300216
12:28:00,0,0.360907127
12:29:00,0,0.270194384
12:30:00,0,0.200215983
12:31:00,0,0.233585313
12:32:00,0,0.314902808
12:33:00,0,0.154535637
12:34:00,0,0.095572354
12:35:00,0,0.44838013
12:36:00,0,0.231965443
12:37:00,0,0.364794816
12:38:00,0,0.1587473
12:39:00,0,0.443520518
12:40:00,0,0.23812095
12:41:00,0,0.304535637
12:42:00,0,0.53488121
12:43:00,0,0.387473002
12:44:00,0,0.306803456
12:45:00,0,0.180453564
12:46:00,0,0.330453564
12:47:00,0,0.103671706
12:48:00,0,0.178185745
12:49:00,0,0.08812095
12:50:00,0,0.438660907
12:51:00,0,0.150647948
12:52:00,0,0.205399568
12:53:00,0,0.200215983
12:54:00,0,0.215442765
12:55:00,0,0.376781857
12:56:00,0,0.166522678
12:57:00,0,0.09362851
12:58:00,0,0.250431965
12:59:00,0,0.222570194
1:00:00,0,0.501187905
1:01:00,0,0.111771058
1:02:00,0,0.426673866
1:03:00,0,0.594168467
1:04:00,0,0.196328294
1:05:00,0,0.185637149
1:06:00,0,0.147084233
1:07:00,0,0.328509719
1:08:00,0,0.144168467
1:09:00,0,0.306803456
1:10:00,0,0.209611231
1:11:00,0,0.669654428
1:12:00,0,0.193412527
1:13:00,0,0.306155508
1:14:00,0,0.350539957
1:15:00,0,0.25950324
1:16:00,0,0.051835853
1:17:00,0,0.094600432
1:18:00,0,0.112742981
1:19:00,0,0.303239741
1:20:00,0,0.52224622
1:21:00,0,0.344384449
1:22:00,0,0.243304536
1:23:00,0,0.076781857
1:24:00,0,0.057667387
1:25:00,0,0.283477322
1:26:00,0,0.153887689
1:27:00,0,0.064146868
1:28:00,0,0.138984881
1:29:00,0,0.178185745
1:30:00,0,0.097516199
1:31:00,0,0.229049676
1:32:00,0,0.247840173
1:33:00,0,0.357019438
1:34:00,0,0.207667387
1:35:00,0,0.090388769
1:36:00,0,0.146760259
1:37:00,0,0.731209503
1:38:00,0,0.326889849
1:39:00,0,0.308099352
1:40:00,0,0.179157667
1:41:00,0,0.324946004
1:42:00,0,0.289308855
1:43:00,0,0.297408207
1:44:00,0,0.34762419
1:45:00,0,0.212203024
1:46:00,0,0.161015119
1:47:00,0,0.135097192
1:48:00,0,0.120842333
1:49:00,0,0.514470842
1:50:00,0,0.102051836
1:51:00,0,0.352807775
1:52:00,0,0.485961123
1:53:00,0,0.191792657
1:54:00,0,0.36511879
1:55:00,0,0.708207343
1:56:00,0,0.200539957
1:57:00,0,0.107559395
1:58:00,0,0.191792657
1:59:00,0,0.334989201
2:00:00,0,0.620734341
2:01:00,0,0.3174946
2:02:00,0,0.267926566
2:03:00,0,0.377105832
2:04:00,0,0.341792657
2:05:00,0,0.152915767
2:06:00,0,0.242008639
2:07:00,0,0.198920086
2:08:00,0,0.205075594
2:09:00,0,0.333045356
2:10:00,0,0.525485961
2:11:00,0,0.282829374
2:12:00,0,0.074838013
2:13:00,0,0.145788337
2:14:00,0,0.275701944
2:15:00,0,0.373218143
2:16:00,0,0.405939525
2:17:00,0,0.554319654
2:18:00,0,0.223542117
2:19:00,0,0.495032397
2:20:00,0,0.37062635
2:21:00,0,0.270194384
2:22:00,0,0.214470842
2:23:00,0,0.169438445
2:24:00,0,0.185961123
2:25:00,0,0.422786177
2:26:00,0,0.182397408
2:27:00,0,0.186285097
2:28:00,0,0.154211663
2:29:00,0,0.287041037
2:30:00,0,0.290604752
2:31:00,0,0.323974082
2:32:00,0,0.287365011
2:33:00,0,0.171706263
2:34:00,0,0.229049676
2:35:00,0,0.270194384
2:36:00,0,0.197300216
2:37:00,0,0.308585313
2:38:00,0,0.231317495
2:39:00,0,0.202483801
2:40:00,0,0.057667387
2:41:00,0,0.317170626
2:42:00,0,0.116306695
2:43:00,0,0.255291577
2:44:00,0,0.389416847
2:45:00,0,0.396544276
2:46:00,0,0.060583153
2:47:00,0,0.05475162
2:48:00,0,0.072894168
2:49:00,0,0.413714903
2:50:00,0,0.247516199
2:51:00,0,0.132181425
2:52:00,0,0.118898488
2:53:00,0,0.154859611
2:54:00,0,0.17300216
2:55:00,0,0.262742981
2:56:00,0,0.559179266
2:57:00,0,0.206047516
2:58:00,0,0.099136069
2:59:00,0,0.157451404
3:00:00,0,0.092332613
3:01:00,0,0.11112311
3:02:00,0,0.123434125
3:03:00,0,0.181425486
3:04:00,0,0.10399568
3:05:00,0,0.05475162
3:06:00,0,0.295464363
3:07:00,0,0.201835853
3:08:00,0,0.284449244
3:09:00,0,0.21187905
3:10:00,0,0.083585313
3:11:00,0,0.120194384
3:12:00,0,0.07224622
3:13:00,0,0.066738661
3:14:00,0,0.065442765
3:15:00,0,0.071922246
3:16:00,0,0.078725702
3:17:00,0,0.28412527
3:18:00,0,0.248164147
3:19:00,0,0.06187905
3:20:00,0,0.117926566
3:21:00,0,0.05475162
3:22:00,0,0.098164147
3:23:00,0,0.164902808
3:24:00,0,0.277645788
3:25:00,0,0.176889849
3:26:00,0,0.302915767
3:27:00,0,0.201187905
3:28:00,0,0.114038877
3:29:00,0,0.22224622
3:30:00,0,0.164902808
3:31:00,0,0.177861771
3:32:00,0,0.116954644
3:33:00,0,0.061555076
3:34:00,320.3783784,0.191792657
3:35:00,416.0183333,0.069978402
3:36:00,419.5963149,0.149028078
3:37:00,418.5383333,0.05475162
3:38:00,419.6966667,0.18887689
3:39:00,418.5067568,0.14838013
3:40:00,419.1638796,0.129265659
3:41:00,412.5325543,0.048272138
3:42:00,419.365,0.194708423
3:43:00,419.6499162,0.325593952
3:44:00,419.6587838,0.461339093
3:45:00,419.8433333,0.596436285
3:46:00,421.3232831,0.527429806
3:47:00,420.3883333,0.638552916
3:48:00,417.0701169,0.621382289
3:49:00,424.0893761,0.289956803
3:50:00,418.4237856,0.344060475
3:51:00,421.9816667,0.542008639
3:52:00,419.9866667,0.510907127
3:53:00,419.3651591,0.168142549
3:54:00,413.9373942,0.91425486
3:55:00,508.0183333,2.74762419
3:56:00,599.9463987,4.763714903
3:57:00,599.6633333,6.10950324
3:58:00,603.7813022,7.015658747
3:59:00,727.6205734,8.289200864
4:00:00,771.2399329,8.546112311
4:01:00,774.2,8.185853132
4:02:00,774.7796327,9.029481641
4:03:00,774.7470289,9.305183585
4:04:00,774.9883333,9.600647948
4:05:00,775.2383333,9.475917927
4:06:00,774.7822446,9.263066955
4:07:00,774.765,9.258531317
4:08:00,773.6891892,9.329805616
4:09:00,771.0784641,9.334989201
4:10:00,774.5644891,9.237796976
4:11:00,774.7366667,9.387473002
4:12:00,774.5692821,9.239416847
4:13:00,774.4634975,9.267926566
4:14:00,774.5642738,9.346976242
4:15:00,774.445,9.262742981
4:16:00,774.4,9.085205184
4:17:00,774.6046901,9.318466523
4:18:00,773.777027,9.231641469
4:19:00,774.3633333,9.32462203
4:20:00,774.278057,9.361231102
4:21:00,774.2083333,9.515766739
4:22:00,774.2036728,9.322030238
4:23:00,774.1358234,9.463282937
4:24:00,774.18,9.374514039
4:25:00,774.2854758,9.455183585
4:26:00,774.2516667,9.489524838
4:27:00,774.3969849,9.429589633
4:28:00,774.1264755,9.519978402
4:29:00,774.4958264,9.627213823
4:30:00,774.7906198,9.48174946
4:31:00,774.4833333,9.729265659
4:32:00,774.4916667,9.666738661
4:33:00,774.7572156,9.619114471
4:34:00,772.5795645,9.526133909
4:35:00,775.6083333,9.731857451
4:36:00,775.9048414,9.700107991
4:37:00,776.2,9.866306695
4:38:00,775.5433333,9.809935205
4:39:00,776.9427609,9.643412527
4:40:00,776.8729097,9.81187905
4:41:00,776.8280467,9.811231102
4:42:00,776.8866328,9.784341253
4:43:00,772.8691275,9.533585313
4:44:00,641.8183333,8.640064795
4:45:00,599.9316667,7.880021598
4:46:00,599.8881469,7.460799136
4:47:00,664.0423729,8.110691145
4:48:00,775.1116667,8.922894168
4:49:00,777.9983333,9.343736501
4:50:00,777.7855946,9.64049676
4:51:00,777.8116667,9.944384449
4:52:00,777.7969543,10.26868251
4:53:00,778.0435511,10.45917927
4:54:00,778.3722871,10.27159827
4:55:00,778.6066667,10.13488121
4:56:00,778.7616667,10.06069114
4:57:00,778.7966102,10.18833693
4:58:00,777.285,10.28909287
4:59:00,779.4023372,10.01727862
5:00:00,778.6471572,9.885097192
5:01:00,778.8764608,9.971598272
5:02:00,779.0321489,9.972894168
5:03:00,779.2073579,10.15885529
5:04:00,779.2671119,9.941468683
5:05:00,779.3983333,9.923650108
5:06:00,779.5583333,9.761015119
5:07:00,779.6186441,9.800215983
5:08:00,776.9498328,9.664470842
5:09:00,779.8333333,9.624946004
5:10:00,779.8123953,9.81187905
5:11:00,779.6379019,9.712095032
5:12:00,779.7866667,9.557883369
5:13:00,779.6917923,9.44838013
5:14:00,779.9133333,9.724730022
5:15:00,779.7583333,9.531965443
5:16:00,779.6638514,9.584773218
5:17:00,778.364094,9.482073434
5:18:00,778.53,9.411771058
5:19:00,579.345,8.507235421
5:20:00,599.6767169,7.881317495
5:21:00,454.6091371,6.920086393
5:22:00,422.6020408,6.285421166
5:23:00,418.4958124,5.435637149
5:24:00,413.6233333,4.755291577
5:25:00,429.6944908,3.553023758
5:26:00,536.8752108,2.378617711
5:27:00,449.3517588,1.523974082
5:28:00,417.3783333,1.050647948
5:29:00,419.5058431,0.791792657
5:30:00,415.222408,0.542332613
5:31:00,419.4940778,0.441576674
5:32:00,417.3823038,0.405939525
5:33:00,417.3662207,0.49049676
5:34:00,417.4607679,0.485961123
5:35:00,417.4583333,0.41112311
5:36:00,417.6148649,0.287688985
5:37:00,417.4941374,0.371922246
5:38:00,417.1866667,0.324946004
5:39:00,417.8998331,0.425701944
5:40:00,417.5220339,0.370950324
5:41:00,416.9518072,0.549784017
5:42:00,419.1218698,0.44838013
5:43:00,416.6983333,0.256911447
5:44:00,419.7504188,0.910691145
5:45:00,417.8057432,1.055183585
5:46:00,417.7762938,1.178617711
5:47:00,414.921273,1.537580994
5:48:00,417.5283333,2.512742981
5:49:00,440.75,3.594168467
5:50:00,418.4081633,3.993304536
5:51:00,581.0816667,5.681209503
5:52:00,763.7729549,7.400215983
5:53:00,576.7016667,7.546328294
5:54:00,609.1105528,7.796436285
5:55:00,748.8564189,8.628401728
5:56:00,779.8883333,9.437688985
5:57:00,780.0335008,9.796328294
5:58:00,684.6911519,9.209935205
5:59:00,596.815,8.653671706
6:00:00,599.9489796,8.119114471
6:01:00,585.7066667,7.728077754
6:02:00,414.0951586,6.966090713
6:03:00,418.4283333,6.111447084
6:04:00,417.3015075,5.109395248
6:05:00,417.222973,4.299460043
6:06:00,414.87,3.856587473
6:07:00,419.2818792,3.573434125
6:08:00,416.7913189,3.134773218
6:09:00,417.24,2.400647948
6:10:00,417.25,1.83887689
6:11:00,417.1566667,1.327969762
6:12:00,414.0317195,0.8912527
6:13:00,420.2533333,0.86663067
6:14:00,413.983165,0.975809935
6:15:00,465.4352941,0.954103672
6:16:00,416.9566667,0.498920086
6:17:00,413.5661642,0.502807775
6:18:00,416.7140468,0.459719222
6:19:00,416.7241963,0.518358531
6:20:00,419.9447236,0.473326134
6:21:00,414.6166667,0.710151188
6:22:00,420.3405676,1.049028078
6:23:00,415.0266667,1.286177106
6:24:00,416.9135593,1.179589633
6:25:00,417.3923205,1.081425486
6:26:00,419.4266667,0.967062635
6:27:00,414.1222781,0.705939525
6:28:00,419.9449082,0.723758099
6:29:00,417.2944162,0.689416847
6:30:00,413.8944724,0.47300216
6:31:00,417.5284281,0.541684665
6:32:00,420.1624791,0.373218143
6:33:00,417.6325503,0.310043197
6:34:00,416.0780985,0.702051836
6:35:00,413.8643216,0.389416847
6:36:00,416.9916107,0.319762419
6:37:00,417.3724832,0.444492441
6:38:00,420.4190801,0.320734341
6:39:00,417.5950266,0.257883369
6:40:00,418.8146853,0.231317495
6:41:00,415.4839798,0.321382289
6:42:00,355.0552764,0.130885529
6:43:00,420.1423786,0.336285097
6:44:00,418.3333333,0.233909287
6:45:00,417.6499162,0.378725702
6:46:00,417.6030151,0.369006479
6:47:00,417.5579832,0.412419006
6:48:00,417.6103679,0.453563715
6:49:00,417.7572156,0.485313175
6:50:00,418.3020134,0.287688985
6:51:00,419.7281879,0.429265659
6:52:00,417.8358459,0.519330454
6:53:00,419.7554439,0.459071274
6:54:00,416.2129472,0.387149028
6:55:00,419.3350084,0.425701944
6:56:00,417.7671692,0.297408207
6:57:00,417.6739496,0.519978402
6:58:00,417.8305085,0.438012959
6:59:00,353.3232831,0.494384449
7:00:00,417.8506711,0.381641469
7:01:00,417.8020134,0.430885529
7:02:00,327.919598,0.21187905
7:03:00,1.540816327,0.438336933
7:04:00,0,0.565658747
7:05:00,0,0.392008639
7:06:00,0,0.447408207
7:07:00,0,0.362526998
7:08:00,0,0.302915767
7:09:00,0,0.411447084
7:10:00,0,0.364794816
7:11:00,0,0.296760259
7:12:00,0,0.449676026
7:13:00,0,0.478509719
7:14:00,0,0.784017279
7:15:00,0,0.548488121
7:16:00,0,0.408855292
7:17:00,0,0.493736501
7:18:00,0,0.30712743
7:19:00,0,0.550107991
7:20:00,0,0.588660907
7:21:00,0,0.311339093
7:22:00,0,0.672570194
7:23:00,0,0.473650108
7:24:00,0,0.706587473
7:25:00,0,0.362203024
7:26:00,0,0.635637149
7:27:00,0,0.530345572
7:28:00,0,0.298704104
7:29:00,0,0.486933045
7:30:00,0,0.526457883
7:31:00,0,0.933045356
7:32:00,0,0.690064795
7:33:00,0,0.510907127
7:34:00,0,0.401403888
7:35:00,0,0.379697624
7:36:00,0,0.657991361
7:37:00,0,1.17699784
7:38:00,0,0.370950324
7:39:00,0,0.546220302
7:40:00,0,0.59838013
7:41:00,0,0.347948164
7:42:00,0,0.572462203
7:43:00,0,0.390388769
7:44:00,0,0.443520518
7:45:00,0,0.578617711
7:46:00,0,0.37775378
7:47:00,0,0.478185745
7:48:00,0,0.420518359
7:49:00,0,0.629481641
7:50:00,0,0.471382289
7:51:00,0,0.510583153
7:52:00,0,0.636285097
7:53:00,0,0.449352052
7:54:00,0,0.472354212
7:55:00,0,0.422138229
7:56:00,0,0.348272138
7:57:00,0,0.492764579
7:58:00,0,0.591576674
7:59:00,0,0.481425486
8:00:00,386.5948276,0.524190065
8:01:00,417.8120805,0.225161987
8:02:00,418.8442211,0.342116631
8:03:00,417.959799,0.280237581
8:04:00,418.5781513,0.614902808
8:05:00,418.0203735,0.464578834
8:06:00,417.7571189,0.4587473
8:07:00,417.798995,0.334017279
8:08:00,418.6040268,0.339200864
8:09:00,418.118928,0.163930886
8:10:00,430.3962585,0.578617711
8:11:00,432.7600671,0.486285097
8:12:00,432.6080402,0.245572354
8:13:00,432.760469,0.446436285
8:14:00,432.5488215,0.189524838
8:15:00,432.0693739,0.091684665
8:16:00,432.3852596,0.198272138
8:17:00,431.9530988,0.113714903
8:18:00,432.1510067,0.114686825
8:19:00,432.1373534,0.445464363
8:20:00,432.0238095,0.4325054
8:21:00,431.9043624,0.264038877
8:22:00,432.1182609,0.200539957
8:23:00,432.1937173,0.298704104
8:24:00,432.013986,0.276025918
8:25:00,431.76,0.27699784
8:26:00,432.0890052,0.211555076
8:27:00,432.1378709,0.333045356
8:28:00,432.0308748,0.349892009
8:29:00,432.1707317,0.128617711
8:30:00,431.9751773,0.372570194
8:31:00,432.2286213,0.250431965
8:32:00,432.1340206,0.257559395
8:33:00,432.2460733,0.225485961
8:34:00,401.8723776,0.24524838
8:35:00,395.4679376,0.266954644
8:36:00,432.1465969,0.196976242
8:37:00,431.9784946,0.294978402
8:38:00,432.2490775,0.450647948
8:39:00,432.1135972,0.223866091
8:40:00,432.1985816,0.343412527
8:41:00,432.0454545,0.472030238
8:42:00,432.1546392,0.380021598
8:43:00,430.7090592,0.305507559
8:44:00,432.1169284,0.317170626
8:45:00,432.1823009,0.644060475
8:46:00,432.2688356,0.569546436
8:47:00,432.1762653,0.364146868
8:48:00,432.1503497,0.487580994
8:49:00,432.0736301,0.778509719
8:50:00,432.1758437,0.412095032
8:51:00,432.0979021,0.36349892
8:52:00,431.4245614,0.355723542
8:53:00,432.0786325,0.403347732
8:54:00,432.1940559,0.549460043
8:55:00,432.1028369,0.353779698
8:56:00,431.869863,0.427645788
8:57:00,431.9264448,0.295788337
8:58:00,432.1169284,0.294168467
8:59:00,431.9333333,0.49924406
9:00:00,432.1909722,1.042548596
9:01:00,432.1116928,0.796976242
9:02:00,431.9545455,0.435097192
9:03:00,432.1715266,0.427645788
9:04:00,432.0035026,0.42699784
9:05:00,432.1223404,0.413390929
9:06:00,432.0506993,0.227105832
9:07:00,431.9743151,0.7674946
9:08:00,432.0984183,0.718898488
9:09:00,431.8863636,0.283801296
9:10:00,431.9826087,0.746112311
9:11:00,432.0820244,0.51511879
9:12:00,432.041958,0.293844492
9:13:00,431.9268293,0.287688985
9:14:00,431.9931271,0.272462203
9:15:00,432.0689046,0.305507559
9:16:00,431.951049,0.474946004
9:17:00,431.3529412,0.234557235
9:18:00,432.0666667,0.218034557
9:19:00,431.9981096,0.352807775
9:20:00,432.0037807,0.312958963
9:21:00,432.180212,0.286393089
9:22:00,432.1996303,0.209611231
9:23:00,432.0332717,0.051511879
9:24:00,432.0752688,0.347948164
9:25:00,432.1981818,0.295140389
9:26:00,432.2303371,0.270842333
9:27:00,432.0166052,0.142548596
9:28:00,431.9734982,0.332073434
9:29:00,432.2878229,0.165550756
9:30:00,432.1472222,0.354427646
9:31:00,432.1090226,0.192764579
9:32:00,432.1940035,0.099460043
9:33:00,432.187037,0.050863931
9:34:00,364.7717996,0.423434125
9:35:00,432.2339286,0.447084233
9:36:00,432.195572,0.10237581
9:37:00,432.0426716,0.105615551
9:38:00,432.1515712,0.190172786
9:39:00,431.5220459,0.114038877
9:40:00,431.9425926,0.351511879
9:41:00,432.0504673,0.172354212
9:42:00,432.2438563,0.316846652
9:43:00,361.9435626,0.38812095
9:44:00,432.1182994,0.27699784
9:45:00,432.0313653,0.346328294
9:46:00,432.0659537,0.577321814
9:47:00,432.1688312,0.174298056
9:48:00,432.0537037,0.230993521
9:49:00,431.877551,0.160043197
9:50:00,432.0830389,0.096544276
9:51:00,431.9722222,0.217062635
9:52:00,432.0337711,0.388768898
9:53:00,432.0330275,0.195356371
9:54:00,432.0656028,0.059935205
9:55:00,432,0.184341253
9:56:00,432.00369,0.191792657
9:57:00,432.2643885,0.137688985
9:58:00,432.0791897,0.242656587
9:59:00,432.0462963,0.386825054
10:00:00,431.2862454,0.255939525
10:01:00,432.1954225,0.146760259
10:02:00,432.1478743,0.267602592
10:03:00,432.0828625,0.355399568
10:04:00,432.0914077,0.172354212
10:05:00,432.0805009,0.339200864
10:06:00,432.1404806,0.186285097
10:07:00,432.0240741,0.243952484
10:08:00,432.109319,0.098812095
10:09:00,431.9723247,0.355723542
10:10:00,432.2181146,0.311339093
10:11:00,432.0516605,0.486285097
10:12:00,432.1393298,0.373542117
10:13:00,431.8947368,0.179157667
10:14:00,432.1037037,0.491792657
10:15:00,432.0591497,0.28412527
10:16:00,432.1086142,0.172030238
10:17:00,431.9883268,0.195032397
10:18:00,432.0077821,0.238444924
10:19:00,431.9904762,0.355399568
10:20:00,432.0898662,0.248812095
10:21:00,432.1634241,0.171382289
10:22:00,431.994152,0.124406048
10:23:00,432.1605166,0.260151188
10:24:00,431.9207921,0.227707498
10:25:00,432.0389864,
10:26:00,432.0682261,
10:27:00,432.1660517,
10:28:00,432.1728155,
10:29:00,432.1111111,
10:30:00,432.2268245,
10:31:00,432.2310536,
10:32:00,432.2495127,0.277165413
10:33:00,432.0233918,0.176889849
10:34:00,364.53125,0.146436285
10:35:00,432.2747664,0.426349892
10:36:00,432.0896686,0.404967603
10:37:00,432.0311891,0.26663067
10:38:00,432.0910853,0.388444924
10:39:00,432.0298507,0.282181425
10:40:00,431.9083821,0.273434125
10:41:00,431.9980276,0.265982721
10:42:00,417.3977273,0.429913607
10:43:00,374.8352273,0.352807775
10:44:00,431.9984405,0.381965443
10:45:00,432.0802348,0.296112311
10:46:00,432.1412639,0.42537797
10:47:00,431.9704724,0.245896328
10:48:00,432.1374408,0.374838013
10:49:00,432,0.366090713
10:50:00,432.115,0.339524838
10:51:00,432.0733333,0.116954644
10:52:00,431.819398,0.42537797
10:53:00,431.7403035,0.266954644
10:54:00,431.8597663,0.343736501
10:55:00,431.765,0.505075594
10:56:00,431.7842809,0.350539957
10:57:00,431.8735245,0.376781857
10:58:00,431.935,0.148704104
10:59:00,431.9131886,0.268898488
11:00:00,431.9214047,0.452915767
11:01:00,431.855,0.235853132
11:02:00,431.8837607,0.163930886
11:03:00,431.8528428,0.453887689
11:04:00,431.9482471,0.718898488
11:05:00,431.9333333,0.403347732
11:06:00,431.9046823,0.454859611
11:07:00,431.9139966,0.309395248
11:08:00,431.8516667,0.251727862
11:09:00,431.8483333,0.339200864
11:10:00,431.9765886,0.295464363
11:11:00,431.8414023,0.196328294
11:12:00,431.7588533,0.347300216
11:13:00,431.7675585,0.373218143
11:14:00,431.9,0.453239741
11:15:00,431.7966667,0.548488121
11:16:00,431.7842809,0.404319654
11:17:00,431.7635135,0.180777538
11:18:00,431.8083333,0.159071274
11:19:00,431.865,0.334341253
11:20:00,431.8294314,0.303887689
11:21:00,431.885,0.435097192
11:22:00,431.8347386,0.267602592
11:23:00,431.7491639,0.476241901
11:24:00,431.785,0.378077754
11:25:00,431.0784641,0.369330454
11:26:00,431.7956081,0.589308855
11:27:00,431.7813022,0.460043197
11:28:00,431.715,0.164578834
11:29:00,431.67,0.355075594
11:30:00,431.867893,0.363174946
11:31:00,431.7453626,0.327537797
11:32:00,431.8233333,0.388444924
11:33:00,431.680067,0.378401728
11:34:00,364.8833333,0.643088553
11:35:00,431.7266667,0.31425486
11:36:00,431.7779661,0.309071274
11:37:00,431.7705193,0.4412527
11:38:00,431.725,0.548488121
11:39:00,431.7666667,0.277969762
11:40:00,431.7085427,0.369006479
11:41:00,431.7268128,0.376457883
11:42:00,364.8116667,0.241684665
11:43:00,431.7140468,0.194384449
11:44:00,431.7045075,0.222894168
11:45:00,431.7116667,0.583801296
11:46:00,431.7360406,0.394600432
11:47:00,431.7083333,0.225485961
11:48:00,431.6861436,0.313282937
11:49:00,431.9166667,0.863390929
11:50:00,426.9949833,0.439308855
11:51:00,353.9123103,0.316522678
11:52:00,418.8764608,0.229049676
11:53:00,417.9765886,0.345356371
11:54:00,418.4583333,0.55237581
11:55:00,424.4416667,0.597084233
11:56:00,440.4610169,0.491792657
11:57:00,440.725,0.295140389
11:58:00,440.6433333,0.25075594
11:59:00,440.5609349,0.433477322
12:00:00,440.534687,0.490820734
12:01:00,440.7133333,0.297084233
12:02:00,440.5912898,0.359935205
12:03:00,440.5652174,0.770734341
12:04:00,440.6026711,0.488552916
12:05:00,440.608769,0.248164147
12:06:00,440.7169179,0.344384449
12:07:00,429.395,0.356695464
12:08:00,418.18,0.707559395
12:09:00,418.92,0.369978402
12:10:00,418.9103215,0.620410367
12:11:00,418.8881469,0.610367171
12:12:00,418.8883333,0.574406048
12:13:00,418.9028476,0.974190065
12:14:00,418.8833333,0.739632829
12:15:00,418.8819562,0.357019438
12:16:00,359.2194305,0.609395248
12:17:00,415.395,0.581857451
12:18:00,419.2621035,0.261771058
12:19:00,420.72,0.456155508
12:20:00,418.8595601,0.410799136
12:21:00,418.8580968,0.60161987
12:22:00,418.8533333,0.473974082
12:23:00,418.8444816,0.327213823
12:24:00,417.3956594,0.314902808
12:25:00,358.2516892,0.36349892
12:26:00,418.9782609,0.494060475
12:27:00,419.0350584,0.494708423
12:28:00,415.6783333,0.367386609
12:29:00,509.9766277,0.372894168
12:30:00,539.7326565,0.228725702
12:31:00,518.9033333,0.464902808
12:32:00,420.769616,0.828401728
12:33:00,417.4866221,2.538336933
12:34:00,568.4408784,5.130453564
12:35:00,752.1502504,5.178401728
12:36:00,779.9,6.319438445
12:37:00,779.8277592,8.262311015
12:38:00,779.706177,9.333045356
12:39:00,780.0016863,10.23174946
12:40:00,779.8710218,10.96425486
12:41:00,779.6416667,11.33131749
12:42:00,779.9232053,11.24611231
12:43:00,780.090301,11.12883369
12:44:00,780.0658784,11.25971922
12:45:00,778.3133333,11.17062635
12:46:00,779.8916667,11.01317495
12:47:00,602.3484087,9.88574514
12:48:00,414.905,8.416198704
12:49:00,417.4189189,7.610475162
12:50:00,418.7625418,7.015982721
12:51:00,417.7746244,6.483693305
12:52:00,415.58,6.169114471
12:53:00,417.2625418,6.10950324
12:54:00,417.4307432,6.125701944
12:55:00,417.4841402,5.76511879
12:56:00,417.4166667,5.698704104
12:57:00,419.3411371,5.510151188
12:58:00,417.9415693,5.318358531
12:59:00,414.6037099,4.887149028
1:00:00,417.2043551,4.947084233
1:01:00,417.5416667,5.52699784
1:02:00,417.4833333,6.028833693
1:03:00,417.3745763,6.652483801
1:04:00,417.5133333,7.072030238
1:05:00,417.4290484,7.313714903
1:06:00,417.5,7.309827214
1:07:00,459.7772194,7.882937365
1:08:00,619.6773649,9.379697624
1:09:00,705.6833333,10.29524838
1:10:00,780.2830821,11.15701944
1:11:00,780.1116667,11.48034557
1:12:00,780.2437396,11.937473
1:13:00,780.2864407,12.02591793
1:14:00,780.105,12.11663067
1:15:00,780.1833333,12.23196544
1:16:00,777.1187291,12.5899568
1:17:00,779.0451505,12.67062635
1:18:00,780.2297297,12.72602592
1:19:00,780.035,13.16144708
1:20:00,779.5879397,13.39762419
1:21:00,779.75,13.56382289
1:22:00,779.8580968,13.69308855
1:23:00,779.8898305,13.40604752
1:24:00,779.8183333,13.34319654
1:25:00,776.2220367,13.48444924
1:26:00,779.3021703,12.94470842
1:27:00,779.4966555,11.6825054
1:28:00,779.7297297,10.62019438
1:29:00,779.8783333,10.35485961
1:30:00,780.001675,10.46274298
1:31:00,779.9933333,10.5437365
1:32:00,780,10.73585313
1:33:00,779.8491525,10.6937365
1:34:00,779.7429048,10.75917927
1:35:00,779.8666667,10.7300216
1:36:00,779.3439065,10.73941685
1:37:00,779.5583756,10.74654428
1:38:00,779.87,11.07764579
1:39:00,779.9816361,10.96911447
1:40:00,779.8963211,11.21241901
1:41:00,779.9716667,11.31965443
1:42:00,660.1672297,11.62483801
1:43:00,779.7671692,11.53477322
1:44:00,779.9583333,11.59276458
1:45:00,779.9433333,11.48326134
1:46:00,779.2053422,11.50788337
1:47:00,780.2335025,11.67699784
1:48:00,779.8616667,11.83056156
1:49:00,779.8833333,11.73887689
1:50:00,748.460733,11.70323974
1:51:00,780.0033333,11.7612311
1:52:00,779.9459459,11.55064795
1:53:00,780.0635452,11.65140389
1:54:00,780.0516667,11.70518359
1:55:00,780.1435726,11.64265659
1:56:00,778.6583333,11.70809935
1:57:00,780.1661017,11.78131749
1:58:00,779.9316667,11.62159827
1:59:00,748.8315972,11.58660907
2:00:00,779.8626466,11.64816415
2:01:00,630.9416667,10.57095032
2:02:00,599.8040541,10.19902808
2:03:00,604.28,10.04449244
2:04:00,739.1691792,10.58196544
2:05:00,779.805,11.34978402
2:06:00,702.7712855,11.10550756
2:07:00,523.1759729,10.07948164
2:08:00,416.125,8.803671706
2:09:00,416.360601,8.09287257
2:10:00,416.3043478,7.652267819
2:11:00,418.1976351,7.227213823
2:12:00,417.6427379,6.263714903
2:13:00,422.7916667,5.553887689
2:14:00,421.3762542,5.404211663
2:15:00,447.5692821,6.733801296
2:16:00,632.3976311,8.467386609
2:17:00,571.5745394,8.982829374
2:18:00,419.3083333,7.453671706
2:19:00,574.935,6.205399568
2:20:00,599.9246231,4.362311015
2:21:00,599.7976391,3.744492441
2:22:00,566.6327212,3.926565875
2:23:00,415.5133333,2.907991361
2:24:00,410.9396985,2.705183585
2:25:00,427.3166667,0.950863931
2:26:00,416.6644182,0.876025918
2:27:00,420.6314908,1.304967603
2:28:00,417.2433333,0.53488121
2:29:00,417.3366667,0.398164147
2:30:00,417.5092127,0.450323974
2:31:00,417.4510135,0.788552916
2:32:00,91.56166667,0.599352052
2:33:00,0.64028777,0.667710583
2:34:00,0,0.629481641
2:35:00,0,0.40075594
2:36:00,0,0.403023758
2:37:00,0,0.651187905
2:38:00,0,0.397840173
2:39:00,0,0.6087473
2:40:00,0,0.490820734
2:41:00,0,0.222570194
2:42:00,0,0.26825054
2:43:00,0,0.517062635
2:44:00,0,0.389092873
2:45:00,0,0.336933045
2:46:00,0,0.398812095
2:47:00,0,0.374514039
2:48:00,0,0.303887689
2:49:00,0,0.290928726
2:50:00,0,0.217062635
2:51:00,0,0.303239741
2:52:00,0,0.236177106
2:53:00,0,0.479805616
2:54:00,0,0.589308855
2:55:00,0,0.462634989
2:56:00,0,0.3174946
2:57:00,0,0.242980562
2:58:00,0,0.546868251
2:59:00,0,0.30161987
3:00:00,0,0.266306695
3:01:00,0,0.395572354
3:02:00,0,0.179805616
3:03:00,0,0.195032397
3:04:00,0,0.507343413
3:05:00,0,0.4587473
3:06:00,0,0.288984881
3:07:00,0,0.181425486
3:08:00,0,0.292548596
3:09:00,0,0.525485961
3:10:00,0,0.198272138
3:11:00,0,0.327213823
3:12:00,0,0.242008639
3:13:00,0,0.255615551
3:14:00,0,0.252699784
3:15:00,0,0.126349892
3:16:00,0,0.300647948
3:17:00,0,0.241684665
3:18:00,0,0.424730022
3:19:00,0,0.49049676
3:20:00,0,0.15712743
3:21:00,0,0.191792657
3:22:00,0,0.420842333
3:23:00,0,0.13574514
3:24:00,0,0.234557235
3:25:00,0,0.244276458
3:26:00,0,0.276025918
3:27:00,0,0.252699784
3:28:00,0,0.246544276
3:29:00,0,0.235853132
3:30:00,0,0.292224622
3:31:00,0,0.299676026
3:32:00,0,0.429589633
3:33:00,0,0.382289417
3:34:00,0,0.334665227
3:35:00,0,0.307775378
3:36:00,0,0.257883369
3:37:00,0,0.187904968
3:38:00,0,0.138660907
3:39:00,0,0.374838013
3:40:00,0,0.243952484
3:41:00,0,0.275701944
3:42:00,0,0.251079914
3:43:00,0,0.354427646
3:44:00,0,0.478185745
3:45:00,0,0.57537797
3:46:00,0,0.561771058
3:47:00,0,0.236825054
3:48:00,0,0.288336933
3:49:00,0,0.326241901
3:50:00,0,0.321058315
3:51:00,0,0.493088553
3:52:00,0,0.272786177
3:53:00,0,0.163606911
3:54:00,0,0.195032397
3:55:00,0,0.355399568
3:56:00,0,0.309395248
3:57:00,0,0.198920086
3:58:00,0,0.420194384
3:59:00,0,0.176889849
4:00:00,0,0.123110151
4:01:00,0,0.366090713
4:02:00,0,0.178833693
4:03:00,0,0.417278618
4:04:00,0,0.231641469
4:05:00,0,0.539092873
4:06:00,0,0.236825054
4:07:00,0,0.309071274
4:08:00,0,0.225809935
4:09:00,0,0.379049676
4:10:00,0,0.186609071
4:11:00,0,0.134449244
4:12:00,0,0.162311015
4:13:00,0,0.264038877
4:14:00,0,0.193088553
4:15:00,0,0.438660907
4:16:00,0,0.40399568
4:17:00,0,0.228077754
4:18:00,0,0.269546436
4:19:00,0,0.371598272
4:20:00,0,0.368034557
4:21:00,0,0.599352052
4:22:00,0,0.179481641
4:23:00,0,0.295464363
4:24:00,0,0.278617711
4:25:00,0,0.264686825
4:26:00,0,0.343412527
4:27:00,0,0.430885529
4:28:00,0,0.305183585
4:29:00,0,0.28574514
4:30:00,0,0.368682505
4:31:00,0,0.415982721
4:32:00,0,0.503779698
4:33:00,0,0.402699784
4:34:00,0,0.26663067
4:35:00,0,0.357343413
4:36:00,0,0.403347732
4:37:00,0,0.387149028
4:38:00,0,0.107235421
4:39:00,0,0.26987041
4:40:00,0,0.315550756
4:41:00,0,0.341792657
4:42:00,0,0.224190065
4:43:00,0,0.235529158
4:44:00,0,0.392980562
4:45:00,0,0.535205184
4:46:00,0,0.614902808
4:47:00,0,0.398164147
4:48:00,0,0.361231102
4:49:00,0,0.399136069
4:50:00,0,0.314902808
4:51:00,0,0.325269978
4:52:00,0,0.420518359
4:53:00,0,0.213822894
4:54:00,0,0.421814255
4:55:00,0,0.354427646
4:56:00,0,0.186609071
4:57:00,0,0.148704104
4:58:00,0,0.244276458
4:59:00,0,0.309719222
5:00:00,0,0.366738661
5:01:00,0,0.378401728
5:02:00,0,0.341792657
5:03:00,0,0.36349892
5:04:00,0,0.401079914
5:05:00,0,0.477861771
5:06:00,0,0.477213823
5:07:00,0,0.39362851
5:08:00,0,0.244924406
5:09:00,0,0.340172786
5:10:00,0,0.382937365
5:11:00,0,0.463930886
5:12:00,0,0.871814255
5:13:00,0,0.55399568
5:14:00,0,0.410799136
5:15:00,0,0.534557235
5:16:00,0,0.400107991
5:17:00,0,0.445464363
5:18:00,0,0.270194384
5:19:00,0,0.239092873
5:20:00,0,0.365442765
5:21:00,0,0.59287257
5:22:00,0,0.344384449
5:23:00,0,0.257235421
5:24:00,0,0.421166307
5:25:00,0,0.511231102
5:26:00,0,0.499892009
5:27:00,0,0.613606911
5:28:00,0,0.288984881
5:29:00,0,0.414038877
5:30:00,0,0.558207343
5:31:00,0,0.276349892
5:32:00,0,0.367386609
5:33:00,0,0.246544276
5:34:00,0,0.397840173
5:35:00,0,0.351511879
5:36:00,0,0.433477322
5:37:00,0,0.394276458
5:38:00,0,0.369978402
5:39:00,0,0.351511879
5:40:00,0,0.397840173
5:41:00,0,0.385529158
5:42:00,0,0.259179266
5:43:00,0,0.247516199
5:44:00,0,0.286393089
5:45:00,0,0.509935205
5:46:00,0,0.386825054
5:47:00,0,0.411447084
5:48:00,0,0.25237581
5:49:00,0,0.242980562
5:50:00,0,0.484341253
5:51:00,0,0.540064795
5:52:00,0,0.343412527
5:53:00,0,0.355723542
5:54:00,0,0.312634989
5:55:00,0,0.376781857
5:56:00,0,0.472678186
5:57:00,0,0.526457883
5:58:00,0,0.25399568
5:59:00,0,0.201835853
6:00:00,0,0.30161987
6:01:00,0,0.322030238
6:02:00,0,0.240712743
6:03:00,0,0.458099352
6:04:00,0,0.471382289
6:05:00,0,0.281857451
6:06:00,0,0.351835853
6:07:00,0,0.558207343
6:08:00,0,0.294168467
6:09:00,0,0.373542117
6:10:00,0,0.407235421
6:11:00,0,0.429589633
6:12:00,0,0.463930886
6:13:00,0,0.579913607
6:14:00,0,0.496652268
6:15:00,405.7027027,0.494384449
6:16:00,417.5778894,0.656695464
6:17:00,418.7483333,0.235853132
6:18:00,418.8614865,0.381641469
6:19:00,424.6153846,0.430561555
6:20:00,420.0767947,0.331425486
6:21:00,419.0083333,0.396544276
6:22:00,419.0184255,0.739308855
6:23:00,418.9915683,0.404319654
6:24:00,354.5976628,0.429913607
6:25:00,418.9333333,0.400431965
6:26:00,419.6549414,0.598704104
6:27:00,417.5143339,0.990712743
6:28:00,418.335,0.714362851
6:29:00,416.3299832,0.93336933
6:30:00,417.4966667,1.282289417
6:31:00,417.7178631,2.291792657
6:32:00,468.6050847,4.066846652
6:33:00,599.3288815,5.385421166
6:34:00,649.8866667,7.372030238
6:35:00,777.5308848,8.561663067
6:36:00,773.1377551,9.437041037
6:37:00,780.3541315,9.694276458
6:38:00,780.1602671,9.745464363
6:39:00,779.8227425,9.943412527
6:40:00,779.9449082,9.574082073
6:41:00,780.1983333,9.255291577
6:42:00,779.8631757,9.530669546
6:43:00,779.7621441,9.653779698
6:44:00,780.1433333,9.448704104
6:45:00,586.639399,8.249028078
6:46:00,599.8327759,7.770518359
6:47:00,437.9695946,6.782397408
6:48:00,417.2966667,6.269546436
6:49:00,354.8224456,5.43012959
6:50:00,417.815,4.731965443
6:51:00,417.8,4.072030238
6:52:00,420.143824,2.449568035
6:53:00,537.2257525,0.648596112
6:54:00,433.572621,0.689740821
6:55:00,418.35,1.073326134
6:56:00,419.7788945,0.70950324
6:57:00,418.2613828,0.460367171
6:58:00,418.4490818,0.426025918
6:59:00,415.3394649,0.41987041
7:00:00,421.5783333,0.42537797
7:01:00,418.3040541,0.622354212
7:02:00,418.3989983,0.346652268
7:03:00,419.0318258,0.513174946
7:04:00,420.5383333,0.64049676
7:05:00,418.3338898,0.692332613
7:06:00,418.3045685,0.53650108
7:07:00,418.335,0.732181425
7:08:00,418.2721202,0.565010799
7:09:00,420.0301508,0.471382289
7:10:00,416.9816667,0.273758099
7:11:00,420.652027,0.621058315
7:12:00,419.9133333,1.041576674
7:13:00,418.5259631,0.842332613
7:14:00,418.1769616,0.837473002
7:15:00,354.6083333,0.633693305
7:16:00,420.8779661,0.823866091
7:17:00,418.2,0.689416847
7:18:00,417.665,0.48336933
7:19:00,421.1072027,0.523218143
7:20:00,418.1866667,0.452591793
7:21:00,418.9172297,0.48887689
7:22:00,419.475793,0.403671706
7:23:00,418.6254181,0.371598272
7:24:00,418.9148581,0.542656587
7:25:00,420.935,0.327213823
7:26:00,420.2254237,0.36187905
7:27:00,420.4833333,0.503779698
7:28:00,419.4691152,0.350539957
7:29:00,418.2948074,0.337580994
7:30:00,420.3680672,0.248488121
7:31:00,420.6131757,0.367710583
7:32:00,419.585,0.405291577
7:33:00,418.4120603,0.214146868
7:34:00,418.4266667,0.169438445
7:35:00,422.4003378,0.192116631
7:36:00,419.6956522,0.195356371
7:37:00,418.6460768,0.350863931
7:38:00,418.3166667,0.423434125
7:39:00,418.278057,0.304535637
7:40:00,387.9256757,0.390064795
7:41:00,384.2333333,0.366090713
7:42:00,418.2871452,0.255291577
7:43:00,394.4013378,0.335313175
7:44:00,6.549248748,0.191468683
7:45:00,0.166666667,0.34762419
7:46:00,0,0.343412527
7:47:00,0,0.294168467
7:48:00,0,0.460367171
7:49:00,0,0.270194384
7:50:00,0,0.247840173
7:51:00,0,0.376457883
7:52:00,0,0.72537797
7:53:00,0,0.396544276
7:54:00,0,0.169114471
7:55:00,0,0.57537797
7:56:00,0,0.270842333
7:57:00,0,0.121166307
7:58:00,0,0.251403888
7:59:00,0,0.648596112
8:00:00,0,0.195356371
8:01:00,0,0.593520518
8:02:00,0,0.959611231
8:03:00,0,0.113390929
8:04:00,0,0.469438445
8:05:00,0,1.023110151
8:06:00,0,0.796328294
8:07:00,0,0.678725702
8:08:00,0,0.336609071
8:09:00,0,0.378401728
8:10:00,0,0.191792657
8:11:00,0,0.332397408
8:12:00,0,0.55237581
8:13:00,0,0.436393089
8:14:00,0,0.381965443
8:15:00,0,0.577969762
8:16:00,0,0.540712743
8:17:00,0,0.49924406
8:18:00,0,0.491144708
8:19:00,0,0.60161987
8:20:00,0,0.381317495
8:21:00,0,0.389416847
8:22:00,0,0.53812095
8:23:00,0,0.912958963
8:24:00,0,0.670950324
8:25:00,0,0.509287257
8:26:00,0,0.627861771
8:27:00,0,0.375809935
8:28:00,0,0.477537797
8:29:00,0,0.99362851
8:30:00,0,0.369654428
8:31:00,0,0.408207343
8:32:00,0,0.160691145
8:33:00,0,0.480453564
8:34:00,0,0.412095032
8:35:00,0,0.427645788
8:36:00,0,0.23650108
8:37:00,0,0.481101512
8:38:00,0,0.39524838
8:39:00,0,0.713714903
8:40:00,0,0.392008639
8:41:00,0,0.537796976
8:42:00,0,0.803131749
8:43:00,0,0.605183585
8:44:00,0,0.440280778
8:45:00,0,0.497948164
8:46:00,0,0.542980562
8:47:00,0,0.994600432
8:48:00,0,0.752591793
8:49:00,0,0.51187905
8:50:00,0,0.758423326
8:51:00,0,0.83488121
8:52:00,0,0.571814255
8:53:00,0,0.629481641
8:54:00,0,0.464578834
8:55:00,0,0.4325054
8:56:00,0,0.353779698
8:57:00,0,1.391792657
8:58:00,0,0.820950324
8:59:00,0,0.608423326
9:00:00,0,0.522570194
9:01:00,0,0.692332613
9:02:00,412.2136364,0.446436285
9:03:00,418.8093645,0.287365011
9:04:00,417.7003367,0.490172786
9:05:00,419.2033333,0.246868251
9:06:00,418.5267559,0.257559395
9:07:00,418.4670051,0.296760259
9:08:00,416.9866667,0.284773218
9:09:00,418.1633333,0.395896328
9:10:00,417.8862876,0.210907127
9:11:00,428.6460768,0.193412527
9:12:00,431.6947723,0.331101512
9:13:00,431.9799331,0.434773218
9:14:00,431.545,0.385853132
9:15:00,431.7262104,0.385529158
9:16:00,431.7466667,0.316522678
9:17:00,431.7694915,0.522570194
9:18:00,431.7666667,0.548812095
9:19:00,431.8213689,0.46587473
9:20:00,431.826087,0.351187905
9:21:00,431.8,0.351835853
9:22:00,431.8817568,0.398812095
9:23:00,431.7341137,0.485637149
9:24:00,431.6616667,0.250431965
9:25:00,431.7316667,0.397516199
9:26:00,431.6570946,0.571490281
9:27:00,430.9715243,0.433477322
9:28:00,431.7378965,0.199568035
9:29:00,431.7433333,0.366414687
9:30:00,431.7842809,0.453239741
9:31:00,431.7516892,0.32300216
9:32:00,431.8083333,0.31587473
9:33:00,431.7922948,0.238444924
9:34:00,431.785,0.162634989
9:35:00,431.7933333,0.354103672
9:36:00,364.6655405,0.201835853
9:37:00,431.8442211,0.233909287
9:38:00,431.685,0.288012959
9:39:00,431.8333333,0.576349892
9:40:00,431.7755444,0.566306695
9:41:00,431.7639123,0.162958963
9:42:00,431.7183333,0.420518359
9:43:00,431.8257956,0.218682505
9:44:00,396.5066667,0.080021598
9:45:00,400.255,0.27537797
9:46:00,431.7246622,0.579913607
9:47:00,431.7805695,0.256587473
9:48:00,431.8166667,0.300647948
9:49:00,431.81,0.507019438
9:50:00,431.8043478,0.257235421
9:51:00,431.6621622,0.385529158
9:52:00,431.76,0.467170626
9:53:00,430.2914573,0.450647948
9:54:00,431.6316667,0.306155508
9:55:00,431.8433333,0.166522678
9:56:00,431.7055838,0.346976242
9:57:00,431.7654941,0.542980562
9:58:00,431.7344538,0.297084233
9:59:00,431.7216667,0.438336933
10:00:00,431.7440678,0.238444924
10:01:00,430.9383333,0.34924406
10:02:00,431.7128548,0.171382289
10:03:00,431.6605351,0.433477322
10:04:00,431.672788,0.408855292
10:05:00,431.75,0.449676026
10:06:00,431.7395659,0.704319654
10:07:00,431.7073579,0.495032397
10:08:00,431.6033333,0.553347732
10:09:00,431.6327212,0.335637149
10:10:00,431.8087986,0.440928726
10:11:00,431.8480801,0.283477322
10:12:00,431.8266667,0.545572354
10:13:00,431.7470687,0.439308855
10:14:00,431.795,0.314578834
10:15:00,431.8054146,0.487580994
10:16:00,431.7716667,0.387796976
10:17:00,431.7956449,0.413714903
10:18:00,431.675,0.463282937
10:19:00,431.7916667,0.262419006
10:20:00,431.6576271,0.172354212
10:21:00,431.69,0.525161987
10:22:00,431.7495826,0.373866091
10:23:00,431.8394649,0.413390929
10:24:00,431.8831386,0.178509719
10:25:00,431.8699324,0.062850972
10:26:00,431.8080134,0.131209503
10:27:00,431.8344482,0.22062635
10:28:00,431.8447412,0.161663067
10:29:00,431.8066667,0.158099352
10:30:00,431.9355932,0.112095032
10:31:00,431.7716667,0.204427646
10:32:00,431.7583333,0.197300216
10:33:00,431.8308208,0.73574514
10:34:00,431.7394247,0.38812095
10:35:00,431.7483333,0.427645788
10:36:00,431.8316667,0.263714903
10:37:00,431.80067,0.129589633
10:38:00,431.7133333,0.464902808
10:39:00,431.8564189,0.359935205
10:40:00,431.6856187,0.320410367
10:41:00,431.6928214,0.141900648
10:42:00,431.795,0.107235421
10:43:00,431.7483333,0.312634989
10:44:00,363.4651952,0.405615551
10:45:00,431.6644407,0.376133909
10:46:00,431.5883333,0.317170626
10:47:00,431.6348409,0.469114471
10:48:00,431.8683333,0.541036717
10:49:00,431.8496622,0.310043197
10:50:00,431.8979933,0.242980562
10:51:00,431.8681135,0.472354212
10:52:00,431.8733333,0.482397408
10:53:00,431.8130217,0.38812095
10:54:00,431.7118644,0.397516199
10:55:00,431.7429048,0.398812095
10:56:00,431.73,0.414038877
10:57:00,431.7889447,0.262419006
10:58:00,431.7916667,0.509935205
10:59:00,431.8158784,0.184989201
11:00:00,431.6666667,0.450323974
11:01:00,431.755,0.196328294
11:02:00,431.8631052,0.121490281
11:03:00,431.7633333,0.235205184
11:04:00,431.8719298,0.326889849
11:05:00,431.77,0.351835853
11:06:00,431.9133333,0.221922246
11:07:00,431.8927973,0.732181425
11:08:00,431.9510135,0.670302376
11:09:00,431.8816667,0.297084233
11:10:00,430.3098827,0.34049676
11:11:00,431.8666667,0.563066955
11:12:00,431.7583333,0.233261339
11:13:00,431.7800338,0.484989201
11:14:00,431.7571189,0.48336933
11:15:00,431.7533333,0.3
11:16:00,431.8797997,0.043088553
11:17:00,431.764214,0.207343413
11:18:00,364.6908784,0.226133909
11:19:00,431.9283333,0.171706263
11:20:00,431.8073702,0.18174946
11:21:00,431.7116667,0.07937365
11:22:00,431.7312187,0.215442765
11:23:00,431.7952623,0.166198704
11:24:00,431.7558528,0.275053996
11:25:00,431.7128548,0.470734341
11:26:00,431.7916667,0.342440605
11:27:00,431.760469,0.350539957
11:28:00,431.8178752,0.278293737
11:29:00,431.7779633,0.245572354
11:30:00,431.680602,0.406587473
11:31:00,431.7896494,0.534557235
11:32:00,431.805,0.327213823
11:33:00,431.7089679,0.552699784
11:34:00,431.7575251,0.44287257
11:35:00,373.3689482,0.385853132
11:36:00,423.075,0.696868251
11:37:00,431.7353434,0.293520518
11:38:00,431.6570946,0.552051836
11:39:00,431.69,0.445140389
11:40:00,431.6247906,0.217062635
11:41:00,431.6783333,0.286069114
11:42:00,431.7101695,0.10399568
11:43:00,431.665,0.273758099
11:44:00,365.1959799,0.357991361
11:45:00,431.6961603,0.237149028
11:46:00,431.66,0.462634989
11:47:00,431.740678,0.31587473
11:48:00,431.7,0.21349892
11:49:00,431.6611018,0.523542117
11:50:00,431.6934673,0.430885529
11:51:00,431.5516667,0.424730022
11:52:00,431.7220339,0.697192225
11:53:00,431.6866667,0.31425486
11:54:00,431.6850921,0.487904968
11:55:00,431.7216667,0.520302376
11:56:00,431.7629382,0.367386609
11:57:00,431.840678,0.229697624
11:58:00,431.7533333,0.134773218
11:59:00,431.6911519,0.406911447
